<Anims>
 <anim name="close" root="ui_ivorytower_1x1" numframes="250" framerate="40">
  <frame idx="0" w="156" h="566" x="-13.465141" y="-26.497347">
   <element name="art" layername="art" frame="0" z_index="3" m_a="0.733032" m_b="0.000000" m_c="0.000000" m_d="1.079790" m_tx="-0.099000" m_ty="0.000000"/>
  </frame>
  <frame idx="25" w="154" h="574" x="-13.459840" y="-26.720032">
   <element name="art" layername="art" frame="0" z_index="3" m_a="0.722418" m_b="0.000000" m_c="0.000000" m_d="1.094047" m_tx="-0.099000" m_ty="0.000000"/>
  </frame>
  <frame idx="50" w="153" h="578" x="-13.456763" y="-27.059181">
   <element name="art" layername="art" frame="0" z_index="3" m_a="0.716260" m_b="0.000000" m_c="0.000000" m_d="1.102317" m_tx="-0.099000" m_ty="0.000000"/>
  </frame>
  <frame idx="75" w="158" h="537" x="-13.968909" y="-14.340099">
   <element name="art" layername="art" frame="0" z_index="3" m_a="0.740576" m_b="0.000000" m_c="0.000000" m_d="1.047212" m_tx="-0.099000" m_ty="10.290910"/>
  </frame>
  <frame idx="100" w="176" h="403" x="-15.510741" y="25.266945">
   <element name="art" layername="art" frame="0" z_index="3" m_a="0.824326" m_b="0.000000" m_c="0.000000" m_d="0.864594" m_tx="-0.099000" m_ty="42.450001"/>
  </frame>
  <frame idx="125" w="185" h="300" x="-16.033819" y="49.034966">
   <element name="art" layername="art" frame="0" z_index="3" m_a="0.870528" m_b="0.000000" m_c="0.000000" m_d="0.710907" m_tx="-0.099000" m_ty="60.207352"/>
  </frame>
  <frame idx="150" w="195" h="197" x="-17.057333" y="72.540771">
   <element name="art" layername="art" frame="0" z_index="3" m_a="0.917605" m_b="0.000000" m_c="0.000000" m_d="0.554231" m_tx="-0.099000" m_ty="78.260605"/>
  </frame>
  <frame idx="175" w="205" h="92" x="-18.081097" y="96.216766">
   <element name="art" layername="art" frame="0" z_index="3" m_a="0.965180" m_b="0.000000" m_c="0.000000" m_d="0.395878" m_tx="-0.099000" m_ty="96.516670"/>
  </frame>
  <frame idx="200" w="215" h="15" x="-18.604868" y="106.210640">
   <element name="art" layername="art" frame="0" z_index="3" m_a="1.012770" m_b="0.000000" m_c="0.000000" m_d="0.237534" m_tx="-0.099000" m_ty="114.849998"/>
  </frame>
  <frame idx="225" w="225" h="117" x="-19.627935" y="27.600704">
   <element name="art" layername="art" frame="0" z_index="3" m_a="1.058954" m_b="0.000000" m_c="0.000000" m_d="0.083835" m_tx="-0.099000" m_ty="132.607346"/>
  </frame>
 </anim>
 <anim name="idle" root="ui_ivorytower_1x1" numframes="125" framerate="40">
  <frame idx="0" w="212" h="490" x="-18.598488" y="-22.818415">
   <element name="art" layername="art" frame="0" z_index="3" m_a="1.000000" m_b="0.000000" m_c="0.000000" m_d="0.934753" m_tx="-0.099000" m_ty="0.000000"/>
  </frame>
  <frame idx="25" w="212" h="490" x="-18.598488" y="-22.818415">
   <element name="art" layername="art" frame="0" z_index="3" m_a="1.000000" m_b="0.000000" m_c="0.000000" m_d="0.934753" m_tx="-0.099000" m_ty="0.000000"/>
  </frame>
  <frame idx="50" w="212" h="490" x="-18.598488" y="-22.818415">
   <element name="art" layername="art" frame="0" z_index="3" m_a="1.000000" m_b="0.000000" m_c="0.000000" m_d="0.934753" m_tx="-0.099000" m_ty="0.000000"/>
  </frame>
  <frame idx="75" w="212" h="490" x="-18.598488" y="-22.818415">
   <element name="art" layername="art" frame="0" z_index="3" m_a="1.000000" m_b="0.000000" m_c="0.000000" m_d="0.934753" m_tx="-0.099000" m_ty="0.000000"/>
  </frame>
  <frame idx="100" w="212" h="490" x="-18.598488" y="-22.818415">
   <element name="art" layername="art" frame="0" z_index="3" m_a="1.000000" m_b="0.000000" m_c="0.000000" m_d="0.934753" m_tx="-0.099000" m_ty="0.000000"/>
  </frame>
 </anim>
 <anim name="open" root="ui_ivorytower_1x1" numframes="325" framerate="40">
  <frame idx="0" w="212" h="0" x="-18.000000" y="0.000000"/>
  <frame idx="25" w="212" h="0" x="-18.000000" y="0.000000"/>
  <frame idx="50" w="226" h="131" x="-19.630762" y="16.250889">
   <element name="art" layername="art" frame="0" z_index="3" m_a="1.064613" m_b="0.000000" m_c="0.000000" m_d="0.061144" m_tx="-0.099000" m_ty="134.781815"/>
  </frame>
  <frame idx="75" w="220" h="75" x="-19.116728" y="58.905899">
   <element name="art" layername="art" frame="0" z_index="3" m_a="1.036515" m_b="0.000000" m_c="0.000000" m_d="0.144786" m_tx="-0.099000" m_ty="123.984848"/>
  </frame>
  <frame idx="100" w="209" h="32" x="-18.091059" y="107.042236">
   <element name="art" layername="art" frame="0" z_index="3" m_a="0.985123" m_b="0.000000" m_c="0.000000" m_d="0.297791" m_tx="-0.099000" m_ty="104.250000"/>
  </frame>
  <frame idx="125" w="191" h="200" x="-16.549538" y="65.907867">
   <element name="art" layername="art" frame="0" z_index="3" m_a="0.901996" m_b="0.000000" m_c="0.000000" m_d="0.545297" m_tx="-0.099000" m_ty="72.301468"/>
  </frame>
  <frame idx="150" w="168" h="415" x="-14.496254" y="13.104900">
   <element name="art" layername="art" frame="0" z_index="3" m_a="0.795321" m_b="0.000000" m_c="0.000000" m_d="0.862884" m_tx="-0.099000" m_ty="31.321211"/>
  </frame>
  <frame idx="175" w="166" h="563" x="-14.488872" y="-26.104912">
   <element name="art" layername="art" frame="0" z_index="3" m_a="0.780541" m_b="0.000000" m_c="0.000000" m_d="1.074260" m_tx="-0.099000" m_ty="0.000000"/>
  </frame>
  <frame idx="200" w="211" h="512" x="-18.593086" y="-24.012903">
   <element name="art" layername="art" frame="0" z_index="3" m_a="0.989182" m_b="0.000000" m_c="0.000000" m_d="0.976166" m_tx="-0.099000" m_ty="0.000000"/>
  </frame>
  <frame idx="225" w="236" h="482" x="-20.653776" y="-22.624353">
   <element name="art" layername="art" frame="0" z_index="3" m_a="1.110688" m_b="0.000000" m_c="0.000000" m_d="0.919024" m_tx="-0.099000" m_ty="0.000000"/>
  </frame>
  <frame idx="250" w="250" h="465" x="-21.688967" y="-21.768671">
   <element name="art" layername="art" frame="0" z_index="3" m_a="1.181140" m_b="0.000000" m_c="0.000000" m_d="0.885898" m_tx="-0.099000" m_ty="0.000000"/>
  </frame>
  <frame idx="275" w="250" h="461" x="-21.689049" y="-21.365240">
   <element name="art" layername="art" frame="0" z_index="3" m_a="1.181307" m_b="0.000000" m_c="0.000000" m_d="0.880934" m_tx="-0.099000" m_ty="0.000000"/>
  </frame>
  <frame idx="300" w="232" h="476" x="-20.145012" y="-22.356207">
   <element name="art" layername="art" frame="0" z_index="3" m_a="1.093140" m_b="0.000000" m_c="0.000000" m_d="0.907104" m_tx="-0.099000" m_ty="0.000000"/>
  </frame>
 </anim>
</Anims>
