<Anims>
 <anim name="idle" root="ruler" numframes="975" framerate="40">
  <frame idx="0" w="358" h="527" x="-22.000000" y="-177.000000">
   <element name="symbol0" layername="symbo" frame="0" z_index="1" m_a="1.000000" m_b="0.000000" m_c="0.000000" m_d="1.000000" m_tx="-141.000000" m_ty="-282.000000"/>
  </frame>
  <frame idx="25" w="358" h="527" x="-22.000000" y="-177.000000">
   <element name="symbol0" layername="symbo" frame="0" z_index="1" m_a="1.000000" m_b="0.000000" m_c="0.000000" m_d="1.000000" m_tx="-141.000000" m_ty="-282.000000"/>
  </frame>
  <frame idx="50" w="358" h="527" x="-22.000000" y="-177.000000">
   <element name="symbol0" layername="symbo" frame="0" z_index="1" m_a="1.000000" m_b="0.000000" m_c="0.000000" m_d="1.000000" m_tx="-141.000000" m_ty="-282.000000"/>
  </frame>
  <frame idx="75" w="358" h="527" x="-22.000000" y="-177.000000">
   <element name="symbol0" layername="symbo" frame="0" z_index="1" m_a="1.000000" m_b="0.000000" m_c="0.000000" m_d="1.000000" m_tx="-141.000000" m_ty="-282.000000"/>
  </frame>
  <frame idx="100" w="358" h="527" x="-22.000000" y="-177.000000">
   <element name="symbol0" layername="symbo" frame="0" z_index="1" m_a="1.000000" m_b="0.000000" m_c="0.000000" m_d="1.000000" m_tx="-141.000000" m_ty="-282.000000"/>
  </frame>
  <frame idx="125" w="358" h="527" x="-22.000000" y="-177.000000">
   <element name="symbol0" layername="symbo" frame="0" z_index="1" m_a="1.000000" m_b="0.000000" m_c="0.000000" m_d="1.000000" m_tx="-141.000000" m_ty="-282.000000"/>
  </frame>
  <frame idx="150" w="358" h="527" x="-22.000000" y="-177.000000">
   <element name="symbol0" layername="symbo" frame="0" z_index="1" m_a="1.000000" m_b="0.000000" m_c="0.000000" m_d="1.000000" m_tx="-141.000000" m_ty="-282.000000"/>
  </frame>
  <frame idx="175" w="358" h="527" x="-22.000000" y="-177.000000">
   <element name="symbol0" layername="symbo" frame="0" z_index="1" m_a="1.000000" m_b="0.000000" m_c="0.000000" m_d="1.000000" m_tx="-141.000000" m_ty="-282.000000"/>
  </frame>
  <frame idx="200" w="358" h="527" x="-22.000000" y="-177.000000">
   <element name="symbol0" layername="symbo" frame="0" z_index="1" m_a="1.000000" m_b="0.000000" m_c="0.000000" m_d="1.000000" m_tx="-141.000000" m_ty="-282.000000"/>
  </frame>
  <frame idx="225" w="358" h="527" x="-22.000000" y="-177.000000">
   <element name="symbol0" layername="symbo" frame="0" z_index="1" m_a="1.000000" m_b="0.000000" m_c="0.000000" m_d="1.000000" m_tx="-141.000000" m_ty="-282.000000"/>
  </frame>
  <frame idx="250" w="358" h="527" x="-22.000000" y="-177.000000">
   <element name="symbol0" layername="symbo" frame="0" z_index="1" m_a="1.000000" m_b="0.000000" m_c="0.000000" m_d="1.000000" m_tx="-141.000000" m_ty="-282.000000"/>
  </frame>
  <frame idx="275" w="358" h="527" x="-22.000000" y="-177.000000">
   <element name="symbol0" layername="symbo" frame="0" z_index="1" m_a="1.000000" m_b="0.000000" m_c="0.000000" m_d="1.000000" m_tx="-141.000000" m_ty="-282.000000"/>
  </frame>
  <frame idx="300" w="358" h="527" x="-22.000000" y="-177.000000">
   <element name="symbol0" layername="symbo" frame="0" z_index="1" m_a="1.000000" m_b="0.000000" m_c="0.000000" m_d="1.000000" m_tx="-141.000000" m_ty="-282.000000"/>
  </frame>
  <frame idx="325" w="358" h="527" x="-22.000000" y="-177.000000">
   <element name="symbol0" layername="symbo" frame="0" z_index="1" m_a="1.000000" m_b="0.000000" m_c="0.000000" m_d="1.000000" m_tx="-141.000000" m_ty="-282.000000"/>
  </frame>
  <frame idx="350" w="358" h="527" x="-22.000000" y="-177.000000">
   <element name="symbol0" layername="symbo" frame="0" z_index="1" m_a="1.000000" m_b="0.000000" m_c="0.000000" m_d="1.000000" m_tx="-141.000000" m_ty="-282.000000"/>
  </frame>
  <frame idx="375" w="358" h="527" x="-22.000000" y="-177.000000">
   <element name="symbol0" layername="symbo" frame="0" z_index="1" m_a="1.000000" m_b="0.000000" m_c="0.000000" m_d="1.000000" m_tx="-141.000000" m_ty="-282.000000"/>
  </frame>
  <frame idx="400" w="358" h="527" x="-22.000000" y="-177.000000">
   <element name="symbol0" layername="symbo" frame="0" z_index="1" m_a="1.000000" m_b="0.000000" m_c="0.000000" m_d="1.000000" m_tx="-141.000000" m_ty="-282.000000"/>
  </frame>
  <frame idx="425" w="358" h="527" x="-22.000000" y="-177.000000">
   <element name="symbol0" layername="symbo" frame="0" z_index="1" m_a="1.000000" m_b="0.000000" m_c="0.000000" m_d="1.000000" m_tx="-141.000000" m_ty="-282.000000"/>
  </frame>
  <frame idx="450" w="358" h="527" x="-22.000000" y="-177.000000">
   <element name="symbol0" layername="symbo" frame="0" z_index="1" m_a="1.000000" m_b="0.000000" m_c="0.000000" m_d="1.000000" m_tx="-141.000000" m_ty="-282.000000"/>
  </frame>
  <frame idx="475" w="358" h="527" x="-22.000000" y="-177.000000">
   <element name="symbol0" layername="symbo" frame="0" z_index="1" m_a="1.000000" m_b="0.000000" m_c="0.000000" m_d="1.000000" m_tx="-141.000000" m_ty="-282.000000"/>
  </frame>
  <frame idx="500" w="358" h="527" x="-22.000000" y="-177.000000">
   <element name="symbol0" layername="symbo" frame="0" z_index="1" m_a="1.000000" m_b="0.000000" m_c="0.000000" m_d="1.000000" m_tx="-141.000000" m_ty="-282.000000"/>
  </frame>
  <frame idx="525" w="358" h="527" x="-22.000000" y="-177.000000">
   <element name="symbol0" layername="symbo" frame="0" z_index="1" m_a="1.000000" m_b="0.000000" m_c="0.000000" m_d="1.000000" m_tx="-141.000000" m_ty="-282.000000"/>
  </frame>
  <frame idx="550" w="358" h="527" x="-22.000000" y="-177.000000">
   <element name="symbol0" layername="symbo" frame="0" z_index="1" m_a="1.000000" m_b="0.000000" m_c="0.000000" m_d="1.000000" m_tx="-141.000000" m_ty="-282.000000"/>
  </frame>
  <frame idx="575" w="358" h="527" x="-22.000000" y="-177.000000">
   <element name="symbol0" layername="symbo" frame="0" z_index="1" m_a="1.000000" m_b="0.000000" m_c="0.000000" m_d="1.000000" m_tx="-141.000000" m_ty="-282.000000"/>
  </frame>
  <frame idx="600" w="358" h="527" x="-22.000000" y="-177.000000">
   <element name="symbol0" layername="symbo" frame="0" z_index="1" m_a="1.000000" m_b="0.000000" m_c="0.000000" m_d="1.000000" m_tx="-141.000000" m_ty="-282.000000"/>
  </frame>
  <frame idx="625" w="358" h="527" x="-22.000000" y="-177.000000">
   <element name="symbol0" layername="symbo" frame="0" z_index="1" m_a="1.000000" m_b="0.000000" m_c="0.000000" m_d="1.000000" m_tx="-141.000000" m_ty="-282.000000"/>
  </frame>
  <frame idx="650" w="358" h="527" x="-22.000000" y="-177.000000">
   <element name="symbol0" layername="symbo" frame="0" z_index="1" m_a="1.000000" m_b="0.000000" m_c="0.000000" m_d="1.000000" m_tx="-141.000000" m_ty="-282.000000"/>
  </frame>
  <frame idx="675" w="358" h="527" x="-22.000000" y="-177.000000">
   <element name="symbol0" layername="symbo" frame="0" z_index="1" m_a="1.000000" m_b="0.000000" m_c="0.000000" m_d="1.000000" m_tx="-141.000000" m_ty="-282.000000"/>
  </frame>
  <frame idx="700" w="358" h="527" x="-22.000000" y="-177.000000">
   <element name="symbol0" layername="symbo" frame="0" z_index="1" m_a="1.000000" m_b="0.000000" m_c="0.000000" m_d="1.000000" m_tx="-141.000000" m_ty="-282.000000"/>
  </frame>
  <frame idx="725" w="358" h="527" x="-22.000000" y="-177.000000">
   <element name="symbol0" layername="symbo" frame="0" z_index="1" m_a="1.000000" m_b="0.000000" m_c="0.000000" m_d="1.000000" m_tx="-141.000000" m_ty="-282.000000"/>
  </frame>
  <frame idx="750" w="358" h="527" x="-22.000000" y="-177.000000">
   <element name="symbol0" layername="symbo" frame="0" z_index="1" m_a="1.000000" m_b="0.000000" m_c="0.000000" m_d="1.000000" m_tx="-141.000000" m_ty="-282.000000"/>
  </frame>
  <frame idx="775" w="358" h="527" x="-22.000000" y="-177.000000">
   <element name="symbol0" layername="symbo" frame="0" z_index="1" m_a="1.000000" m_b="0.000000" m_c="0.000000" m_d="1.000000" m_tx="-141.000000" m_ty="-282.000000"/>
  </frame>
  <frame idx="800" w="358" h="527" x="-22.000000" y="-177.000000">
   <element name="symbol0" layername="symbo" frame="0" z_index="1" m_a="1.000000" m_b="0.000000" m_c="0.000000" m_d="1.000000" m_tx="-141.000000" m_ty="-282.000000"/>
  </frame>
  <frame idx="825" w="358" h="527" x="-22.000000" y="-177.000000">
   <element name="symbol0" layername="symbo" frame="0" z_index="1" m_a="1.000000" m_b="0.000000" m_c="0.000000" m_d="1.000000" m_tx="-141.000000" m_ty="-282.000000"/>
  </frame>
  <frame idx="850" w="358" h="527" x="-22.000000" y="-177.000000">
   <element name="symbol0" layername="symbo" frame="0" z_index="1" m_a="1.000000" m_b="0.000000" m_c="0.000000" m_d="1.000000" m_tx="-141.000000" m_ty="-282.000000"/>
  </frame>
  <frame idx="875" w="358" h="527" x="-22.000000" y="-177.000000">
   <element name="symbol0" layername="symbo" frame="0" z_index="1" m_a="1.000000" m_b="0.000000" m_c="0.000000" m_d="1.000000" m_tx="-141.000000" m_ty="-282.000000"/>
  </frame>
  <frame idx="900" w="358" h="527" x="-22.000000" y="-177.000000">
   <element name="symbol0" layername="symbo" frame="0" z_index="1" m_a="1.000000" m_b="0.000000" m_c="0.000000" m_d="1.000000" m_tx="-141.000000" m_ty="-282.000000"/>
  </frame>
  <frame idx="925" w="358" h="527" x="-22.000000" y="-177.000000">
   <element name="symbol0" layername="symbo" frame="0" z_index="1" m_a="1.000000" m_b="0.000000" m_c="0.000000" m_d="1.000000" m_tx="-141.000000" m_ty="-282.000000"/>
  </frame>
  <frame idx="950" w="358" h="527" x="-22.000000" y="-177.000000">
   <element name="symbol0" layername="symbo" frame="0" z_index="1" m_a="1.000000" m_b="0.000000" m_c="0.000000" m_d="1.000000" m_tx="-141.000000" m_ty="-282.000000"/>
  </frame>
 </anim>
</Anims>
