<Anims>
 <anim name="close" root="ui_chest_3x3_ice" numframes="125" framerate="40">
  <frame idx="0" w="423" h="393" x="-35.474655" y="-34.214642">
   <element name="frame" layername="frame" frame="0" z_index="2" m_a="1.000000" m_b="0.000000" m_c="0.000000" m_d="0.934753" m_tx="0.000000" m_ty="0.000000"/>
  </frame>
  <frame idx="25" w="423" h="363" x="-35.474655" y="-31.620867">
   <element name="frame" layername="frame" frame="0" z_index="2" m_a="1.000000" m_b="0.000000" m_c="0.000000" m_d="0.862588" m_tx="0.000000" m_ty="0.000000"/>
  </frame>
  <frame idx="50" w="423" h="292" x="-35.474655" y="-25.401619">
   <element name="frame" layername="frame" frame="0" z_index="2" m_a="1.000000" m_b="0.000000" m_c="0.000000" m_d="0.693861" m_tx="0.000000" m_ty="0.000000"/>
  </frame>
  <frame idx="75" w="423" h="178" x="-35.474655" y="-15.549967">
   <element name="frame" layername="frame" frame="0" z_index="2" m_a="1.000000" m_b="0.000000" m_c="0.000000" m_d="0.423239" m_tx="0.000000" m_ty="0.000000"/>
  </frame>
  <frame idx="100" w="423" h="23" x="-35.474655" y="-2.066938">
   <element name="frame" layername="frame" frame="0" z_index="2" m_a="1.000000" m_b="0.000000" m_c="0.000000" m_d="0.051514" m_tx="0.000000" m_ty="0.000000"/>
  </frame>
 </anim>
 <anim name="open" root="ui_chest_3x3_ice" numframes="200" framerate="40">
  <frame idx="0" w="423" h="33" x="-35.474655" y="-3.098663">
   <element name="frame" layername="frame" frame="0" z_index="2" m_a="1.000000" m_b="0.000000" m_c="0.000000" m_d="0.075928" m_tx="0.000000" m_ty="0.000000"/>
  </frame>
  <frame idx="25" w="430" h="106" x="-35.974251" y="-9.326360">
   <element name="frame" layername="frame" frame="0" z_index="2" m_a="1.015963" m_b="0.000000" m_c="0.000000" m_d="0.251157" m_tx="0.000000" m_ty="0.000000"/>
  </frame>
  <frame idx="50" w="446" h="278" x="-37.473305" y="-24.358767">
   <element name="frame" layername="frame" frame="0" z_index="2" m_a="1.053288" m_b="0.000000" m_c="0.000000" m_d="0.660882" m_tx="0.000000" m_ty="0.000000"/>
  </frame>
  <frame idx="75" w="455" h="431" x="-37.972752" y="-37.332199">
   <element name="frame" layername="frame" frame="0" z_index="2" m_a="1.075143" m_b="0.000000" m_c="0.000000" m_d="1.025224" m_tx="0.000000" m_ty="0.000000"/>
  </frame>
  <frame idx="100" w="440" h="425" x="-36.973679" y="-36.816093">
   <element name="frame" layername="frame" frame="0" z_index="2" m_a="1.038590" m_b="0.000000" m_c="0.000000" m_d="1.012830" m_tx="0.000000" m_ty="0.000000"/>
  </frame>
  <frame idx="125" w="431" h="423" x="-35.974216" y="-36.806713">
   <element name="frame" layername="frame" frame="0" z_index="2" m_a="1.017318" m_b="0.000000" m_c="0.000000" m_d="1.005609" m_tx="0.000000" m_ty="0.000000"/>
  </frame>
  <frame idx="150" w="425" h="421" x="-35.474529" y="-36.801285">
   <element name="frame" layername="frame" frame="0" z_index="2" m_a="1.004976" m_b="0.000000" m_c="0.000000" m_d="1.001432" m_tx="0.000000" m_ty="0.000000"/>
  </frame>
  <frame idx="175" w="423" h="421" x="-35.474655" y="-36.799107">
   <element name="frame" layername="frame" frame="0" z_index="2" m_a="1.000000" m_b="0.000000" m_c="0.000000" m_d="0.999756" m_tx="0.000000" m_ty="0.000000"/>
  </frame>
 </anim>
</Anims>
