<Anims>
 <anim name="close" root="ui_chest_3x4_ice" numframes="125" framerate="40">
  <frame idx="0" w="423" h="469" x="-35.474655" y="-39.779972">
   <element name="frame" layername="frame" frame="0" z_index="2" m_a="1.000000" m_b="0.000000" m_c="0.000000" m_d="0.934753" m_tx="0.000000" m_ty="0.000000"/>
  </frame>
  <frame idx="25" w="423" h="433" x="-35.474655" y="-36.758358">
   <element name="frame" layername="frame" frame="0" z_index="2" m_a="1.000000" m_b="0.000000" m_c="0.000000" m_d="0.862588" m_tx="0.000000" m_ty="0.000000"/>
  </frame>
  <frame idx="50" w="423" h="347" x="-35.474655" y="-29.207821">
   <element name="frame" layername="frame" frame="0" z_index="2" m_a="1.000000" m_b="0.000000" m_c="0.000000" m_d="0.693861" m_tx="0.000000" m_ty="0.000000"/>
  </frame>
  <frame idx="75" w="423" h="213" x="-35.474655" y="-18.126766">
   <element name="frame" layername="frame" frame="0" z_index="2" m_a="1.000000" m_b="0.000000" m_c="0.000000" m_d="0.423239" m_tx="0.000000" m_ty="0.000000"/>
  </frame>
  <frame idx="100" w="423" h="27" x="-35.474655" y="-2.515429">
   <element name="frame" layername="frame" frame="0" z_index="2" m_a="1.000000" m_b="0.000000" m_c="0.000000" m_d="0.051514" m_tx="0.000000" m_ty="0.000000"/>
  </frame>
 </anim>
 <anim name="open" root="ui_chest_3x4_ice" numframes="200" framerate="40">
  <frame idx="0" w="423" h="39" x="-35.474655" y="-3.522742">
   <element name="frame" layername="frame" frame="0" z_index="2" m_a="1.000000" m_b="0.000000" m_c="0.000000" m_d="0.075928" m_tx="0.000000" m_ty="0.000000"/>
  </frame>
  <frame idx="25" w="430" h="127" x="-35.974251" y="-11.075226">
   <element name="frame" layername="frame" frame="0" z_index="2" m_a="1.015963" m_b="0.000000" m_c="0.000000" m_d="0.251157" m_tx="0.000000" m_ty="0.000000"/>
  </frame>
  <frame idx="50" w="446" h="332" x="-37.473305" y="-28.197945">
   <element name="frame" layername="frame" frame="0" z_index="2" m_a="1.053288" m_b="0.000000" m_c="0.000000" m_d="0.660882" m_tx="0.000000" m_ty="0.000000"/>
  </frame>
  <frame idx="75" w="455" h="513" x="-37.972752" y="-43.307068">
   <element name="frame" layername="frame" frame="0" z_index="2" m_a="1.075143" m_b="0.000000" m_c="0.000000" m_d="1.025224" m_tx="0.000000" m_ty="0.000000"/>
  </frame>
  <frame idx="100" w="440" h="507" x="-36.973679" y="-42.803356">
   <element name="frame" layername="frame" frame="0" z_index="2" m_a="1.038590" m_b="0.000000" m_c="0.000000" m_d="1.012830" m_tx="0.000000" m_ty="0.000000"/>
  </frame>
  <frame idx="125" w="431" h="503" x="-35.974216" y="-42.301193">
   <element name="frame" layername="frame" frame="0" z_index="2" m_a="1.017318" m_b="0.000000" m_c="0.000000" m_d="1.005609" m_tx="0.000000" m_ty="0.000000"/>
  </frame>
  <frame idx="150" w="425" h="501" x="-35.474529" y="-42.299942">
   <element name="frame" layername="frame" frame="0" z_index="2" m_a="1.004976" m_b="0.000000" m_c="0.000000" m_d="1.001432" m_tx="0.000000" m_ty="0.000000"/>
  </frame>
  <frame idx="175" w="423" h="501" x="-35.474655" y="-42.299442">
   <element name="frame" layername="frame" frame="0" z_index="2" m_a="1.000000" m_b="0.000000" m_c="0.000000" m_d="0.999756" m_tx="0.000000" m_ty="0.000000"/>
  </frame>
 </anim>
</Anims>
