<Anims>
 <anim name="idle_water" root="gasmask" numframes="1150" framerate="40">
  <frame idx="0" w="312" h="215" x="-20.815777" y="-44.455864">
   <element name="hat_float" layername="hat_float" frame="0" z_index="1" m_a="0.705292" m_b="0.000000" m_c="0.000000" m_d="0.705292" m_tx="21.000000" m_ty="4.700000"/>
  </frame>
  <frame idx="25" w="312" h="215" x="-20.793095" y="-44.286980">
   <element name="hat_float" layername="hat_float" frame="0" z_index="1" m_a="0.705920" m_b="0.000000" m_c="0.000000" m_d="0.704798" m_tx="21.036764" m_ty="4.847059"/>
  </frame>
  <frame idx="50" w="314" h="214" x="-21.318293" y="-44.114517">
   <element name="hat_float" layername="hat_float" frame="0" z_index="1" m_a="0.706553" m_b="0.000000" m_c="0.000000" m_d="0.704287" m_tx="21.025757" m_ty="4.996970"/>
  </frame>
  <frame idx="75" w="314" h="214" x="-21.346186" y="-43.940193">
   <element name="hat_float" layername="hat_float" frame="0" z_index="1" m_a="0.707189" m_b="0.000000" m_c="0.000000" m_d="0.703771" m_tx="21.012121" m_ty="5.148485"/>
  </frame>
  <frame idx="100" w="314" h="214" x="-21.322578" y="-43.766190">
   <element name="hat_float" layername="hat_float" frame="0" z_index="1" m_a="0.707825" m_b="0.000000" m_c="0.000000" m_d="0.703262" m_tx="21.049999" m_ty="5.300000"/>
  </frame>
  <frame idx="125" w="314" h="213" x="-21.373177" y="-43.560085">
   <element name="hat_float" layername="hat_float" frame="0" z_index="1" m_a="0.708442" m_b="0.000000" m_c="0.000000" m_d="0.702758" m_tx="21.013235" m_ty="5.483824"/>
  </frame>
  <frame idx="150" w="314" h="213" x="-21.376272" y="-43.374527">
   <element name="hat_float" layername="hat_float" frame="0" z_index="1" m_a="0.709071" m_b="0.000000" m_c="0.000000" m_d="0.702250" m_tx="21.024242" m_ty="5.646970"/>
  </frame>
  <frame idx="175" w="315" h="213" x="-21.377056" y="-43.212494">
   <element name="hat_float" layername="hat_float" frame="0" z_index="1" m_a="0.709714" m_b="0.000000" m_c="0.000000" m_d="0.701738" m_tx="21.037878" m_ty="5.786364"/>
  </frame>
  <frame idx="200" w="315" h="212" x="-21.429714" y="-43.075897">
   <element name="hat_float" layername="hat_float" frame="0" z_index="1" m_a="0.710373" m_b="0.000000" m_c="0.000000" m_d="0.701218" m_tx="21.000000" m_ty="5.900000"/>
  </frame>
  <frame idx="225" w="315" h="212" x="-21.406784" y="-42.907013">
   <element name="hat_float" layername="hat_float" frame="0" z_index="1" m_a="0.710990" m_b="0.000000" m_c="0.000000" m_d="0.700724" m_tx="21.036764" m_ty="6.047059"/>
  </frame>
  <frame idx="250" w="315" h="212" x="-21.432068" y="-42.734550">
   <element name="hat_float" layername="hat_float" frame="0" z_index="1" m_a="0.711627" m_b="0.000000" m_c="0.000000" m_d="0.700213" m_tx="21.025757" m_ty="6.196970"/>
  </frame>
  <frame idx="275" w="316" h="212" x="-21.460224" y="-42.560226">
   <element name="hat_float" layername="hat_float" frame="0" z_index="1" m_a="0.712274" m_b="0.000000" m_c="0.000000" m_d="0.699697" m_tx="21.012121" m_ty="6.348485"/>
  </frame>
  <frame idx="300" w="316" h="211" x="-21.436855" y="-42.386223">
   <element name="hat_float" layername="hat_float" frame="0" z_index="1" m_a="0.712921" m_b="0.000000" m_c="0.000000" m_d="0.699188" m_tx="21.049999" m_ty="6.500000"/>
  </frame>
  <frame idx="325" w="316" h="211" x="-21.487453" y="-42.217369">
   <element name="hat_float" layername="hat_float" frame="0" z_index="1" m_a="0.713538" m_b="0.000000" m_c="0.000000" m_d="0.698695" m_tx="21.013235" m_ty="6.647058"/>
  </frame>
  <frame idx="350" w="316" h="211" x="-21.490721" y="-42.044899">
   <element name="hat_float" layername="hat_float" frame="0" z_index="1" m_a="0.714175" m_b="0.000000" m_c="0.000000" m_d="0.698184" m_tx="21.024242" m_ty="6.796969"/>
  </frame>
  <frame idx="375" w="317" h="209" x="-21.491522" y="-41.370567">
   <element name="hat_float" layername="hat_float" frame="0" z_index="1" m_a="0.714818" m_b="0.000000" m_c="0.000000" m_d="0.697667" m_tx="21.037878" m_ty="6.948485"/>
  </frame>
  <frame idx="400" w="317" h="209" x="-21.543653" y="-41.196594">
   <element name="hat_float" layername="hat_float" frame="0" z_index="1" m_a="0.715454" m_b="0.000000" m_c="0.000000" m_d="0.697159" m_tx="21.000000" m_ty="7.100000"/>
  </frame>
  <frame idx="425" w="317" h="209" x="-21.520988" y="-41.027222">
   <element name="hat_float" layername="hat_float" frame="0" z_index="1" m_a="0.716083" m_b="0.000000" m_c="0.000000" m_d="0.696654" m_tx="21.036764" m_ty="7.247059"/>
  </frame>
  <frame idx="450" w="317" h="209" x="-21.546192" y="-40.854904">
   <element name="hat_float" layername="hat_float" frame="0" z_index="1" m_a="0.716716" m_b="0.000000" m_c="0.000000" m_d="0.696147" m_tx="21.025757" m_ty="7.396970"/>
  </frame>
  <frame idx="475" w="317" h="208" x="-21.574081" y="-40.668644">
   <element name="hat_float" layername="hat_float" frame="0" z_index="1" m_a="0.717351" m_b="0.000000" m_c="0.000000" m_d="0.695634" m_tx="21.012121" m_ty="7.560606"/>
  </frame>
  <frame idx="500" w="318" h="208" x="-21.550457" y="-40.456261">
   <element name="hat_float" layername="hat_float" frame="0" z_index="1" m_a="0.717987" m_b="0.000000" m_c="0.000000" m_d="0.695114" m_tx="21.049999" m_ty="7.750000"/>
  </frame>
  <frame idx="525" w="318" h="208" x="-21.601318" y="-40.287403">
   <element name="hat_float" layername="hat_float" frame="0" z_index="1" m_a="0.718616" m_b="0.000000" m_c="0.000000" m_d="0.694621" m_tx="21.013235" m_ty="7.897058"/>
  </frame>
  <frame idx="550" w="318" h="207" x="-21.604509" y="-40.139175">
   <element name="hat_float" layername="hat_float" frame="0" z_index="1" m_a="0.719249" m_b="0.000000" m_c="0.000000" m_d="0.694110" m_tx="21.024242" m_ty="8.022727"/>
  </frame>
  <frame idx="575" w="318" h="207" x="-21.605207" y="-39.990597">
   <element name="hat_float" layername="hat_float" frame="0" z_index="1" m_a="0.719888" m_b="0.000000" m_c="0.000000" m_d="0.693593" m_tx="21.037878" m_ty="8.148485"/>
  </frame>
  <frame idx="600" w="320" h="207" x="-22.157593" y="-39.816628">
   <element name="hat_float" layername="hat_float" frame="0" z_index="1" m_a="0.720535" m_b="0.000000" m_c="0.000000" m_d="0.693085" m_tx="21.000000" m_ty="8.300000"/>
  </frame>
  <frame idx="625" w="318" h="207" x="-21.679518" y="-40.023743">
   <element name="hat_float" layername="hat_float" frame="0" z_index="1" m_a="0.719873" m_b="0.000000" m_c="0.000000" m_d="0.693612" m_tx="20.963236" m_ty="8.116177"/>
  </frame>
  <frame idx="650" w="318" h="207" x="-21.653545" y="-40.210625">
   <element name="hat_float" layername="hat_float" frame="0" z_index="1" m_a="0.719206" m_b="0.000000" m_c="0.000000" m_d="0.694150" m_tx="20.974243" m_ty="7.953031"/>
  </frame>
  <frame idx="675" w="318" h="208" x="-21.624794" y="-40.386135">
   <element name="hat_float" layername="hat_float" frame="0" z_index="1" m_a="0.718532" m_b="0.000000" m_c="0.000000" m_d="0.694693" m_tx="20.987879" m_ty="7.801515"/>
  </frame>
  <frame idx="700" w="318" h="208" x="-21.647383" y="-40.561646">
   <element name="hat_float" layername="hat_float" frame="0" z_index="1" m_a="0.717850" m_b="0.000000" m_c="0.000000" m_d="0.695236" m_tx="20.950001" m_ty="7.650000"/>
  </frame>
  <frame idx="725" w="317" h="208" x="-21.595762" y="-40.731995">
   <element name="hat_float" layername="hat_float" frame="0" z_index="1" m_a="0.717188" m_b="0.000000" m_c="0.000000" m_d="0.695763" m_tx="20.986765" m_ty="7.502941"/>
  </frame>
  <frame idx="750" w="317" h="209" x="-21.567394" y="-40.905666">
   <element name="hat_float" layername="hat_float" frame="0" z_index="1" m_a="0.716513" m_b="0.000000" m_c="0.000000" m_d="0.696301" m_tx="21.000000" m_ty="7.353030"/>
  </frame>
  <frame idx="775" w="317" h="209" x="-21.552105" y="-41.081200">
   <element name="hat_float" layername="hat_float" frame="0" z_index="1" m_a="0.715831" m_b="0.000000" m_c="0.000000" m_d="0.696845" m_tx="21.000000" m_ty="7.201515"/>
  </frame>
  <frame idx="800" w="317" h="209" x="-21.536814" y="-41.256710">
   <element name="hat_float" layername="hat_float" frame="0" z_index="1" m_a="0.715149" m_b="0.000000" m_c="0.000000" m_d="0.697388" m_tx="21.000000" m_ty="7.050000"/>
  </frame>
  <frame idx="825" w="316" h="211" x="-21.522221" y="-42.000587">
   <element name="hat_float" layername="hat_float" frame="0" z_index="1" m_a="0.714498" m_b="0.000000" m_c="0.000000" m_d="0.697915" m_tx="21.000000" m_ty="6.829412"/>
  </frame>
  <frame idx="850" w="316" h="211" x="-21.507183" y="-42.200710">
   <element name="hat_float" layername="hat_float" frame="0" z_index="1" m_a="0.713828" m_b="0.000000" m_c="0.000000" m_d="0.698453" m_tx="21.000000" m_ty="6.653030"/>
  </frame>
  <frame idx="875" w="316" h="211" x="-21.491890" y="-42.364258">
   <element name="hat_float" layername="hat_float" frame="0" z_index="1" m_a="0.713146" m_b="0.000000" m_c="0.000000" m_d="0.698999" m_tx="21.000000" m_ty="6.513637"/>
  </frame>
  <frame idx="900" w="316" h="212" x="-21.476583" y="-42.502396">
   <element name="hat_float" layername="hat_float" frame="0" z_index="1" m_a="0.712463" m_b="0.000000" m_c="0.000000" m_d="0.699554" m_tx="21.000000" m_ty="6.400000"/>
  </frame>
  <frame idx="925" w="315" h="212" x="-21.461742" y="-42.672771">
   <element name="hat_float" layername="hat_float" frame="0" z_index="1" m_a="0.711801" m_b="0.000000" m_c="0.000000" m_d="0.700082" m_tx="21.000000" m_ty="6.252941"/>
  </frame>
  <frame idx="950" w="315" h="212" x="-21.446777" y="-42.870678">
   <element name="hat_float" layername="hat_float" frame="0" z_index="1" m_a="0.711134" m_b="0.000000" m_c="0.000000" m_d="0.700620" m_tx="21.000000" m_ty="6.078788"/>
  </frame>
  <frame idx="975" w="315" h="212" x="-21.431664" y="-43.071945">
   <element name="hat_float" layername="hat_float" frame="0" z_index="1" m_a="0.710460" m_b="0.000000" m_c="0.000000" m_d="0.701163" m_tx="21.000000" m_ty="5.901515"/>
  </frame>
  <frame idx="1000" w="315" h="213" x="-21.416374" y="-43.247456">
   <element name="hat_float" layername="hat_float" frame="0" z_index="1" m_a="0.709778" m_b="0.000000" m_c="0.000000" m_d="0.701706" m_tx="21.000000" m_ty="5.750000"/>
  </frame>
  <frame idx="1025" w="314" h="213" x="-21.401533" y="-43.454567">
   <element name="hat_float" layername="hat_float" frame="0" z_index="1" m_a="0.709116" m_b="0.000000" m_c="0.000000" m_d="0.702233" m_tx="21.000000" m_ty="5.566176"/>
  </frame>
  <frame idx="1050" w="314" h="213" x="-21.386395" y="-43.641457">
   <element name="hat_float" layername="hat_float" frame="0" z_index="1" m_a="0.708441" m_b="0.000000" m_c="0.000000" m_d="0.702771" m_tx="21.000000" m_ty="5.403030"/>
  </frame>
  <frame idx="1075" w="314" h="214" x="-21.371264" y="-43.816963">
   <element name="hat_float" layername="hat_float" frame="0" z_index="1" m_a="0.707766" m_b="0.000000" m_c="0.000000" m_d="0.703314" m_tx="21.000000" m_ty="5.251515"/>
  </frame>
  <frame idx="1100" w="314" h="214" x="-21.356501" y="-43.992477">
   <element name="hat_float" layername="hat_float" frame="0" z_index="1" m_a="0.707108" m_b="0.000000" m_c="0.000000" m_d="0.703857" m_tx="21.000000" m_ty="5.100000"/>
  </frame>
  <frame idx="1125" w="312" h="214" x="-20.841396" y="-44.162853">
   <element name="hat_float" layername="hat_float" frame="0" z_index="1" m_a="0.706434" m_b="0.000000" m_c="0.000000" m_d="0.704385" m_tx="21.000000" m_ty="4.952941"/>
  </frame>
 </anim>
</Anims>
