<Anims>
 <anim name="backpackplus" root="ayanbooks" numframes="1000" framerate="40">
  <frame idx="0" w="192" h="189" x="-19.000000" y="-16.000000">
   <element name="books01" layername="book" frame="0" z_index="10" m_a="2.500000" m_b="0.000000" m_c="0.000000" m_d="2.500000" m_tx="-83.000000" m_ty="-80.000000"/>
  </frame>
  <frame idx="25" w="192" h="189" x="-19.000000" y="-16.000000">
   <element name="books01" layername="book" frame="0" z_index="10" m_a="2.500000" m_b="0.000000" m_c="0.000000" m_d="2.500000" m_tx="-83.000000" m_ty="-80.000000"/>
  </frame>
  <frame idx="50" w="192" h="189" x="-19.000000" y="-16.000000">
   <element name="books01" layername="book" frame="0" z_index="10" m_a="2.500000" m_b="0.000000" m_c="0.000000" m_d="2.500000" m_tx="-83.000000" m_ty="-80.000000"/>
  </frame>
  <frame idx="75" w="192" h="189" x="-19.000000" y="-16.000000">
   <element name="books01" layername="book" frame="0" z_index="10" m_a="2.500000" m_b="0.000000" m_c="0.000000" m_d="2.500000" m_tx="-83.000000" m_ty="-80.000000"/>
  </frame>
  <frame idx="100" w="192" h="189" x="-19.000000" y="-16.000000">
   <element name="books01" layername="book" frame="0" z_index="10" m_a="2.500000" m_b="0.000000" m_c="0.000000" m_d="2.500000" m_tx="-83.000000" m_ty="-80.000000"/>
  </frame>
  <frame idx="125" w="192" h="189" x="-19.000000" y="-16.000000">
   <element name="books01" layername="book" frame="0" z_index="10" m_a="2.500000" m_b="0.000000" m_c="0.000000" m_d="2.500000" m_tx="-83.000000" m_ty="-80.000000"/>
  </frame>
  <frame idx="150" w="192" h="189" x="-19.000000" y="-16.000000">
   <element name="books01" layername="book" frame="0" z_index="10" m_a="2.500000" m_b="0.000000" m_c="0.000000" m_d="2.500000" m_tx="-83.000000" m_ty="-80.000000"/>
  </frame>
  <frame idx="175" w="192" h="189" x="-19.000000" y="-16.000000">
   <element name="books01" layername="book" frame="0" z_index="10" m_a="2.500000" m_b="0.000000" m_c="0.000000" m_d="2.500000" m_tx="-83.000000" m_ty="-80.000000"/>
  </frame>
  <frame idx="200" w="192" h="189" x="-19.000000" y="-16.000000">
   <element name="books01" layername="book" frame="0" z_index="10" m_a="2.500000" m_b="0.000000" m_c="0.000000" m_d="2.500000" m_tx="-83.000000" m_ty="-80.000000"/>
  </frame>
  <frame idx="225" w="192" h="189" x="-19.000000" y="-16.000000">
   <element name="books01" layername="book" frame="0" z_index="10" m_a="2.500000" m_b="0.000000" m_c="0.000000" m_d="2.500000" m_tx="-83.000000" m_ty="-80.000000"/>
  </frame>
  <frame idx="250" w="192" h="189" x="-19.000000" y="-16.000000">
   <element name="books01" layername="book" frame="0" z_index="10" m_a="2.500000" m_b="0.000000" m_c="0.000000" m_d="2.500000" m_tx="-83.000000" m_ty="-80.000000"/>
  </frame>
  <frame idx="275" w="192" h="189" x="-19.000000" y="-16.000000">
   <element name="books01" layername="book" frame="0" z_index="10" m_a="2.500000" m_b="0.000000" m_c="0.000000" m_d="2.500000" m_tx="-83.000000" m_ty="-80.000000"/>
  </frame>
  <frame idx="300" w="192" h="189" x="-19.000000" y="-16.000000">
   <element name="books01" layername="book" frame="0" z_index="10" m_a="2.500000" m_b="0.000000" m_c="0.000000" m_d="2.500000" m_tx="-83.000000" m_ty="-80.000000"/>
  </frame>
  <frame idx="325" w="192" h="189" x="-19.000000" y="-16.000000">
   <element name="books01" layername="book" frame="0" z_index="10" m_a="2.500000" m_b="0.000000" m_c="0.000000" m_d="2.500000" m_tx="-83.000000" m_ty="-80.000000"/>
  </frame>
  <frame idx="350" w="192" h="189" x="-19.000000" y="-16.000000">
   <element name="books01" layername="book" frame="0" z_index="10" m_a="2.500000" m_b="0.000000" m_c="0.000000" m_d="2.500000" m_tx="-83.000000" m_ty="-80.000000"/>
  </frame>
  <frame idx="375" w="192" h="189" x="-19.000000" y="-16.000000">
   <element name="books01" layername="book" frame="0" z_index="10" m_a="2.500000" m_b="0.000000" m_c="0.000000" m_d="2.500000" m_tx="-83.000000" m_ty="-80.000000"/>
  </frame>
  <frame idx="400" w="192" h="189" x="-19.000000" y="-16.000000">
   <element name="books01" layername="book" frame="0" z_index="10" m_a="2.500000" m_b="0.000000" m_c="0.000000" m_d="2.500000" m_tx="-83.000000" m_ty="-80.000000"/>
  </frame>
  <frame idx="425" w="192" h="189" x="-19.000000" y="-16.000000">
   <element name="books01" layername="book" frame="0" z_index="10" m_a="2.500000" m_b="0.000000" m_c="0.000000" m_d="2.500000" m_tx="-83.000000" m_ty="-80.000000"/>
  </frame>
  <frame idx="450" w="192" h="189" x="-19.000000" y="-16.000000">
   <element name="books01" layername="book" frame="0" z_index="10" m_a="2.500000" m_b="0.000000" m_c="0.000000" m_d="2.500000" m_tx="-83.000000" m_ty="-80.000000"/>
  </frame>
  <frame idx="475" w="192" h="189" x="-19.000000" y="-16.000000">
   <element name="books01" layername="book" frame="0" z_index="10" m_a="2.500000" m_b="0.000000" m_c="0.000000" m_d="2.500000" m_tx="-83.000000" m_ty="-80.000000"/>
  </frame>
  <frame idx="500" w="192" h="189" x="-19.000000" y="-16.000000">
   <element name="books01" layername="book" frame="0" z_index="10" m_a="2.500000" m_b="0.000000" m_c="0.000000" m_d="2.500000" m_tx="-83.000000" m_ty="-80.000000"/>
  </frame>
  <frame idx="525" w="192" h="189" x="-19.000000" y="-16.000000">
   <element name="books01" layername="book" frame="0" z_index="10" m_a="2.500000" m_b="0.000000" m_c="0.000000" m_d="2.500000" m_tx="-83.000000" m_ty="-80.000000"/>
  </frame>
  <frame idx="550" w="192" h="189" x="-19.000000" y="-16.000000">
   <element name="books01" layername="book" frame="0" z_index="10" m_a="2.500000" m_b="0.000000" m_c="0.000000" m_d="2.500000" m_tx="-83.000000" m_ty="-80.000000"/>
  </frame>
  <frame idx="575" w="192" h="189" x="-19.000000" y="-16.000000">
   <element name="books01" layername="book" frame="0" z_index="10" m_a="2.500000" m_b="0.000000" m_c="0.000000" m_d="2.500000" m_tx="-83.000000" m_ty="-80.000000"/>
  </frame>
  <frame idx="600" w="192" h="189" x="-19.000000" y="-16.000000">
   <element name="books01" layername="book" frame="0" z_index="10" m_a="2.500000" m_b="0.000000" m_c="0.000000" m_d="2.500000" m_tx="-83.000000" m_ty="-80.000000"/>
  </frame>
  <frame idx="625" w="192" h="189" x="-19.000000" y="-16.000000">
   <element name="books01" layername="book" frame="0" z_index="10" m_a="2.500000" m_b="0.000000" m_c="0.000000" m_d="2.500000" m_tx="-83.000000" m_ty="-80.000000"/>
  </frame>
  <frame idx="650" w="192" h="189" x="-19.000000" y="-16.000000">
   <element name="books01" layername="book" frame="0" z_index="10" m_a="2.500000" m_b="0.000000" m_c="0.000000" m_d="2.500000" m_tx="-83.000000" m_ty="-80.000000"/>
  </frame>
  <frame idx="675" w="192" h="189" x="-19.000000" y="-16.000000">
   <element name="books01" layername="book" frame="0" z_index="10" m_a="2.500000" m_b="0.000000" m_c="0.000000" m_d="2.500000" m_tx="-83.000000" m_ty="-80.000000"/>
  </frame>
  <frame idx="700" w="192" h="189" x="-19.000000" y="-16.000000">
   <element name="books01" layername="book" frame="0" z_index="10" m_a="2.500000" m_b="0.000000" m_c="0.000000" m_d="2.500000" m_tx="-83.000000" m_ty="-80.000000"/>
  </frame>
  <frame idx="725" w="192" h="189" x="-19.000000" y="-16.000000">
   <element name="books01" layername="book" frame="0" z_index="10" m_a="2.500000" m_b="0.000000" m_c="0.000000" m_d="2.500000" m_tx="-83.000000" m_ty="-80.000000"/>
  </frame>
  <frame idx="750" w="192" h="189" x="-19.000000" y="-16.000000">
   <element name="books01" layername="book" frame="0" z_index="10" m_a="2.500000" m_b="0.000000" m_c="0.000000" m_d="2.500000" m_tx="-83.000000" m_ty="-80.000000"/>
  </frame>
  <frame idx="775" w="192" h="189" x="-19.000000" y="-16.000000">
   <element name="books01" layername="book" frame="0" z_index="10" m_a="2.500000" m_b="0.000000" m_c="0.000000" m_d="2.500000" m_tx="-83.000000" m_ty="-80.000000"/>
  </frame>
  <frame idx="800" w="192" h="189" x="-19.000000" y="-16.000000">
   <element name="books01" layername="book" frame="0" z_index="10" m_a="2.500000" m_b="0.000000" m_c="0.000000" m_d="2.500000" m_tx="-83.000000" m_ty="-80.000000"/>
  </frame>
  <frame idx="825" w="192" h="189" x="-19.000000" y="-16.000000">
   <element name="books01" layername="book" frame="0" z_index="10" m_a="2.500000" m_b="0.000000" m_c="0.000000" m_d="2.500000" m_tx="-83.000000" m_ty="-80.000000"/>
  </frame>
  <frame idx="850" w="192" h="189" x="-19.000000" y="-16.000000">
   <element name="books01" layername="book" frame="0" z_index="10" m_a="2.500000" m_b="0.000000" m_c="0.000000" m_d="2.500000" m_tx="-83.000000" m_ty="-80.000000"/>
  </frame>
  <frame idx="875" w="192" h="189" x="-19.000000" y="-16.000000">
   <element name="books01" layername="book" frame="0" z_index="10" m_a="2.500000" m_b="0.000000" m_c="0.000000" m_d="2.500000" m_tx="-83.000000" m_ty="-80.000000"/>
  </frame>
  <frame idx="900" w="192" h="189" x="-19.000000" y="-16.000000">
   <element name="books01" layername="book" frame="0" z_index="10" m_a="2.500000" m_b="0.000000" m_c="0.000000" m_d="2.500000" m_tx="-83.000000" m_ty="-80.000000"/>
  </frame>
  <frame idx="925" w="192" h="189" x="-19.000000" y="-16.000000">
   <element name="books01" layername="book" frame="0" z_index="10" m_a="2.500000" m_b="0.000000" m_c="0.000000" m_d="2.500000" m_tx="-83.000000" m_ty="-80.000000"/>
  </frame>
  <frame idx="950" w="192" h="189" x="-19.000000" y="-16.000000">
   <element name="books01" layername="book" frame="0" z_index="10" m_a="2.500000" m_b="0.000000" m_c="0.000000" m_d="2.500000" m_tx="-83.000000" m_ty="-80.000000"/>
  </frame>
  <frame idx="975" w="192" h="189" x="-19.000000" y="-16.000000">
   <element name="books01" layername="book" frame="0" z_index="10" m_a="2.500000" m_b="0.000000" m_c="0.000000" m_d="2.500000" m_tx="-83.000000" m_ty="-80.000000"/>
  </frame>
 </anim>
 <anim name="fridgeplus" root="ayanbooks" numframes="1000" framerate="40">
  <frame idx="0" w="192" h="185" x="-21.000000" y="-14.500000">
   <element name="books01" layername="book" frame="1" z_index="10" m_a="2.500000" m_b="0.000000" m_c="0.000000" m_d="2.500000" m_tx="-85.000000" m_ty="-79.000000"/>
  </frame>
  <frame idx="25" w="192" h="185" x="-21.000000" y="-14.500000">
   <element name="books01" layername="book" frame="1" z_index="10" m_a="2.500000" m_b="0.000000" m_c="0.000000" m_d="2.500000" m_tx="-85.000000" m_ty="-79.000000"/>
  </frame>
  <frame idx="50" w="192" h="185" x="-21.000000" y="-14.500000">
   <element name="books01" layername="book" frame="1" z_index="10" m_a="2.500000" m_b="0.000000" m_c="0.000000" m_d="2.500000" m_tx="-85.000000" m_ty="-79.000000"/>
  </frame>
  <frame idx="75" w="192" h="185" x="-21.000000" y="-14.500000">
   <element name="books01" layername="book" frame="1" z_index="10" m_a="2.500000" m_b="0.000000" m_c="0.000000" m_d="2.500000" m_tx="-85.000000" m_ty="-79.000000"/>
  </frame>
  <frame idx="100" w="192" h="185" x="-21.000000" y="-14.500000">
   <element name="books01" layername="book" frame="1" z_index="10" m_a="2.500000" m_b="0.000000" m_c="0.000000" m_d="2.500000" m_tx="-85.000000" m_ty="-79.000000"/>
  </frame>
  <frame idx="125" w="192" h="185" x="-21.000000" y="-14.500000">
   <element name="books01" layername="book" frame="1" z_index="10" m_a="2.500000" m_b="0.000000" m_c="0.000000" m_d="2.500000" m_tx="-85.000000" m_ty="-79.000000"/>
  </frame>
  <frame idx="150" w="192" h="185" x="-21.000000" y="-14.500000">
   <element name="books01" layername="book" frame="1" z_index="10" m_a="2.500000" m_b="0.000000" m_c="0.000000" m_d="2.500000" m_tx="-85.000000" m_ty="-79.000000"/>
  </frame>
  <frame idx="175" w="192" h="185" x="-21.000000" y="-14.500000">
   <element name="books01" layername="book" frame="1" z_index="10" m_a="2.500000" m_b="0.000000" m_c="0.000000" m_d="2.500000" m_tx="-85.000000" m_ty="-79.000000"/>
  </frame>
  <frame idx="200" w="192" h="185" x="-21.000000" y="-14.500000">
   <element name="books01" layername="book" frame="1" z_index="10" m_a="2.500000" m_b="0.000000" m_c="0.000000" m_d="2.500000" m_tx="-85.000000" m_ty="-79.000000"/>
  </frame>
  <frame idx="225" w="192" h="185" x="-21.000000" y="-14.500000">
   <element name="books01" layername="book" frame="1" z_index="10" m_a="2.500000" m_b="0.000000" m_c="0.000000" m_d="2.500000" m_tx="-85.000000" m_ty="-79.000000"/>
  </frame>
  <frame idx="250" w="192" h="185" x="-21.000000" y="-14.500000">
   <element name="books01" layername="book" frame="1" z_index="10" m_a="2.500000" m_b="0.000000" m_c="0.000000" m_d="2.500000" m_tx="-85.000000" m_ty="-79.000000"/>
  </frame>
  <frame idx="275" w="192" h="185" x="-21.000000" y="-14.500000">
   <element name="books01" layername="book" frame="1" z_index="10" m_a="2.500000" m_b="0.000000" m_c="0.000000" m_d="2.500000" m_tx="-85.000000" m_ty="-79.000000"/>
  </frame>
  <frame idx="300" w="192" h="185" x="-21.000000" y="-14.500000">
   <element name="books01" layername="book" frame="1" z_index="10" m_a="2.500000" m_b="0.000000" m_c="0.000000" m_d="2.500000" m_tx="-85.000000" m_ty="-79.000000"/>
  </frame>
  <frame idx="325" w="192" h="185" x="-21.000000" y="-14.500000">
   <element name="books01" layername="book" frame="1" z_index="10" m_a="2.500000" m_b="0.000000" m_c="0.000000" m_d="2.500000" m_tx="-85.000000" m_ty="-79.000000"/>
  </frame>
  <frame idx="350" w="192" h="185" x="-21.000000" y="-14.500000">
   <element name="books01" layername="book" frame="1" z_index="10" m_a="2.500000" m_b="0.000000" m_c="0.000000" m_d="2.500000" m_tx="-85.000000" m_ty="-79.000000"/>
  </frame>
  <frame idx="375" w="192" h="185" x="-21.000000" y="-14.500000">
   <element name="books01" layername="book" frame="1" z_index="10" m_a="2.500000" m_b="0.000000" m_c="0.000000" m_d="2.500000" m_tx="-85.000000" m_ty="-79.000000"/>
  </frame>
  <frame idx="400" w="192" h="185" x="-21.000000" y="-14.500000">
   <element name="books01" layername="book" frame="1" z_index="10" m_a="2.500000" m_b="0.000000" m_c="0.000000" m_d="2.500000" m_tx="-85.000000" m_ty="-79.000000"/>
  </frame>
  <frame idx="425" w="192" h="185" x="-21.000000" y="-14.500000">
   <element name="books01" layername="book" frame="1" z_index="10" m_a="2.500000" m_b="0.000000" m_c="0.000000" m_d="2.500000" m_tx="-85.000000" m_ty="-79.000000"/>
  </frame>
  <frame idx="450" w="192" h="185" x="-21.000000" y="-14.500000">
   <element name="books01" layername="book" frame="1" z_index="10" m_a="2.500000" m_b="0.000000" m_c="0.000000" m_d="2.500000" m_tx="-85.000000" m_ty="-79.000000"/>
  </frame>
  <frame idx="475" w="192" h="185" x="-21.000000" y="-14.500000">
   <element name="books01" layername="book" frame="1" z_index="10" m_a="2.500000" m_b="0.000000" m_c="0.000000" m_d="2.500000" m_tx="-85.000000" m_ty="-79.000000"/>
  </frame>
  <frame idx="500" w="192" h="185" x="-21.000000" y="-14.500000">
   <element name="books01" layername="book" frame="1" z_index="10" m_a="2.500000" m_b="0.000000" m_c="0.000000" m_d="2.500000" m_tx="-85.000000" m_ty="-79.000000"/>
  </frame>
  <frame idx="525" w="192" h="185" x="-21.000000" y="-14.500000">
   <element name="books01" layername="book" frame="1" z_index="10" m_a="2.500000" m_b="0.000000" m_c="0.000000" m_d="2.500000" m_tx="-85.000000" m_ty="-79.000000"/>
  </frame>
  <frame idx="550" w="192" h="185" x="-21.000000" y="-14.500000">
   <element name="books01" layername="book" frame="1" z_index="10" m_a="2.500000" m_b="0.000000" m_c="0.000000" m_d="2.500000" m_tx="-85.000000" m_ty="-79.000000"/>
  </frame>
  <frame idx="575" w="192" h="185" x="-21.000000" y="-14.500000">
   <element name="books01" layername="book" frame="1" z_index="10" m_a="2.500000" m_b="0.000000" m_c="0.000000" m_d="2.500000" m_tx="-85.000000" m_ty="-79.000000"/>
  </frame>
  <frame idx="600" w="192" h="185" x="-21.000000" y="-14.500000">
   <element name="books01" layername="book" frame="1" z_index="10" m_a="2.500000" m_b="0.000000" m_c="0.000000" m_d="2.500000" m_tx="-85.000000" m_ty="-79.000000"/>
  </frame>
  <frame idx="625" w="192" h="185" x="-21.000000" y="-14.500000">
   <element name="books01" layername="book" frame="1" z_index="10" m_a="2.500000" m_b="0.000000" m_c="0.000000" m_d="2.500000" m_tx="-85.000000" m_ty="-79.000000"/>
  </frame>
  <frame idx="650" w="192" h="185" x="-21.000000" y="-14.500000">
   <element name="books01" layername="book" frame="1" z_index="10" m_a="2.500000" m_b="0.000000" m_c="0.000000" m_d="2.500000" m_tx="-85.000000" m_ty="-79.000000"/>
  </frame>
  <frame idx="675" w="192" h="185" x="-21.000000" y="-14.500000">
   <element name="books01" layername="book" frame="1" z_index="10" m_a="2.500000" m_b="0.000000" m_c="0.000000" m_d="2.500000" m_tx="-85.000000" m_ty="-79.000000"/>
  </frame>
  <frame idx="700" w="192" h="185" x="-21.000000" y="-14.500000">
   <element name="books01" layername="book" frame="1" z_index="10" m_a="2.500000" m_b="0.000000" m_c="0.000000" m_d="2.500000" m_tx="-85.000000" m_ty="-79.000000"/>
  </frame>
  <frame idx="725" w="192" h="185" x="-21.000000" y="-14.500000">
   <element name="books01" layername="book" frame="1" z_index="10" m_a="2.500000" m_b="0.000000" m_c="0.000000" m_d="2.500000" m_tx="-85.000000" m_ty="-79.000000"/>
  </frame>
  <frame idx="750" w="192" h="185" x="-21.000000" y="-14.500000">
   <element name="books01" layername="book" frame="1" z_index="10" m_a="2.500000" m_b="0.000000" m_c="0.000000" m_d="2.500000" m_tx="-85.000000" m_ty="-79.000000"/>
  </frame>
  <frame idx="775" w="192" h="185" x="-21.000000" y="-14.500000">
   <element name="books01" layername="book" frame="1" z_index="10" m_a="2.500000" m_b="0.000000" m_c="0.000000" m_d="2.500000" m_tx="-85.000000" m_ty="-79.000000"/>
  </frame>
  <frame idx="800" w="192" h="185" x="-21.000000" y="-14.500000">
   <element name="books01" layername="book" frame="1" z_index="10" m_a="2.500000" m_b="0.000000" m_c="0.000000" m_d="2.500000" m_tx="-85.000000" m_ty="-79.000000"/>
  </frame>
  <frame idx="825" w="192" h="185" x="-21.000000" y="-14.500000">
   <element name="books01" layername="book" frame="1" z_index="10" m_a="2.500000" m_b="0.000000" m_c="0.000000" m_d="2.500000" m_tx="-85.000000" m_ty="-79.000000"/>
  </frame>
  <frame idx="850" w="192" h="185" x="-21.000000" y="-14.500000">
   <element name="books01" layername="book" frame="1" z_index="10" m_a="2.500000" m_b="0.000000" m_c="0.000000" m_d="2.500000" m_tx="-85.000000" m_ty="-79.000000"/>
  </frame>
  <frame idx="875" w="192" h="185" x="-21.000000" y="-14.500000">
   <element name="books01" layername="book" frame="1" z_index="10" m_a="2.500000" m_b="0.000000" m_c="0.000000" m_d="2.500000" m_tx="-85.000000" m_ty="-79.000000"/>
  </frame>
  <frame idx="900" w="192" h="185" x="-21.000000" y="-14.500000">
   <element name="books01" layername="book" frame="1" z_index="10" m_a="2.500000" m_b="0.000000" m_c="0.000000" m_d="2.500000" m_tx="-85.000000" m_ty="-79.000000"/>
  </frame>
  <frame idx="925" w="192" h="185" x="-21.000000" y="-14.500000">
   <element name="books01" layername="book" frame="1" z_index="10" m_a="2.500000" m_b="0.000000" m_c="0.000000" m_d="2.500000" m_tx="-85.000000" m_ty="-79.000000"/>
  </frame>
  <frame idx="950" w="192" h="185" x="-21.000000" y="-14.500000">
   <element name="books01" layername="book" frame="1" z_index="10" m_a="2.500000" m_b="0.000000" m_c="0.000000" m_d="2.500000" m_tx="-85.000000" m_ty="-79.000000"/>
  </frame>
  <frame idx="975" w="192" h="185" x="-21.000000" y="-14.500000">
   <element name="books01" layername="book" frame="1" z_index="10" m_a="2.500000" m_b="0.000000" m_c="0.000000" m_d="2.500000" m_tx="-85.000000" m_ty="-79.000000"/>
  </frame>
 </anim>
 <anim name="fridgeminus" root="ayanbooks" numframes="1000" framerate="40">
  <frame idx="0" w="192" h="189" x="-21.000000" y="-18.000000">
   <element name="books01" layername="book" frame="2" z_index="10" m_a="2.500000" m_b="0.000000" m_c="0.000000" m_d="2.500000" m_tx="-85.000000" m_ty="-82.000000"/>
  </frame>
  <frame idx="25" w="192" h="189" x="-21.000000" y="-18.000000">
   <element name="books01" layername="book" frame="2" z_index="10" m_a="2.500000" m_b="0.000000" m_c="0.000000" m_d="2.500000" m_tx="-85.000000" m_ty="-82.000000"/>
  </frame>
  <frame idx="50" w="192" h="189" x="-21.000000" y="-18.000000">
   <element name="books01" layername="book" frame="2" z_index="10" m_a="2.500000" m_b="0.000000" m_c="0.000000" m_d="2.500000" m_tx="-85.000000" m_ty="-82.000000"/>
  </frame>
  <frame idx="75" w="192" h="189" x="-21.000000" y="-18.000000">
   <element name="books01" layername="book" frame="2" z_index="10" m_a="2.500000" m_b="0.000000" m_c="0.000000" m_d="2.500000" m_tx="-85.000000" m_ty="-82.000000"/>
  </frame>
  <frame idx="100" w="192" h="189" x="-21.000000" y="-18.000000">
   <element name="books01" layername="book" frame="2" z_index="10" m_a="2.500000" m_b="0.000000" m_c="0.000000" m_d="2.500000" m_tx="-85.000000" m_ty="-82.000000"/>
  </frame>
  <frame idx="125" w="192" h="189" x="-21.000000" y="-18.000000">
   <element name="books01" layername="book" frame="2" z_index="10" m_a="2.500000" m_b="0.000000" m_c="0.000000" m_d="2.500000" m_tx="-85.000000" m_ty="-82.000000"/>
  </frame>
  <frame idx="150" w="192" h="189" x="-21.000000" y="-18.000000">
   <element name="books01" layername="book" frame="2" z_index="10" m_a="2.500000" m_b="0.000000" m_c="0.000000" m_d="2.500000" m_tx="-85.000000" m_ty="-82.000000"/>
  </frame>
  <frame idx="175" w="192" h="189" x="-21.000000" y="-18.000000">
   <element name="books01" layername="book" frame="2" z_index="10" m_a="2.500000" m_b="0.000000" m_c="0.000000" m_d="2.500000" m_tx="-85.000000" m_ty="-82.000000"/>
  </frame>
  <frame idx="200" w="192" h="189" x="-21.000000" y="-18.000000">
   <element name="books01" layername="book" frame="2" z_index="10" m_a="2.500000" m_b="0.000000" m_c="0.000000" m_d="2.500000" m_tx="-85.000000" m_ty="-82.000000"/>
  </frame>
  <frame idx="225" w="192" h="189" x="-21.000000" y="-18.000000">
   <element name="books01" layername="book" frame="2" z_index="10" m_a="2.500000" m_b="0.000000" m_c="0.000000" m_d="2.500000" m_tx="-85.000000" m_ty="-82.000000"/>
  </frame>
  <frame idx="250" w="192" h="189" x="-21.000000" y="-18.000000">
   <element name="books01" layername="book" frame="2" z_index="10" m_a="2.500000" m_b="0.000000" m_c="0.000000" m_d="2.500000" m_tx="-85.000000" m_ty="-82.000000"/>
  </frame>
  <frame idx="275" w="192" h="189" x="-21.000000" y="-18.000000">
   <element name="books01" layername="book" frame="2" z_index="10" m_a="2.500000" m_b="0.000000" m_c="0.000000" m_d="2.500000" m_tx="-85.000000" m_ty="-82.000000"/>
  </frame>
  <frame idx="300" w="192" h="189" x="-21.000000" y="-18.000000">
   <element name="books01" layername="book" frame="2" z_index="10" m_a="2.500000" m_b="0.000000" m_c="0.000000" m_d="2.500000" m_tx="-85.000000" m_ty="-82.000000"/>
  </frame>
  <frame idx="325" w="192" h="189" x="-21.000000" y="-18.000000">
   <element name="books01" layername="book" frame="2" z_index="10" m_a="2.500000" m_b="0.000000" m_c="0.000000" m_d="2.500000" m_tx="-85.000000" m_ty="-82.000000"/>
  </frame>
  <frame idx="350" w="192" h="189" x="-21.000000" y="-18.000000">
   <element name="books01" layername="book" frame="2" z_index="10" m_a="2.500000" m_b="0.000000" m_c="0.000000" m_d="2.500000" m_tx="-85.000000" m_ty="-82.000000"/>
  </frame>
  <frame idx="375" w="192" h="189" x="-21.000000" y="-18.000000">
   <element name="books01" layername="book" frame="2" z_index="10" m_a="2.500000" m_b="0.000000" m_c="0.000000" m_d="2.500000" m_tx="-85.000000" m_ty="-82.000000"/>
  </frame>
  <frame idx="400" w="192" h="189" x="-21.000000" y="-18.000000">
   <element name="books01" layername="book" frame="2" z_index="10" m_a="2.500000" m_b="0.000000" m_c="0.000000" m_d="2.500000" m_tx="-85.000000" m_ty="-82.000000"/>
  </frame>
  <frame idx="425" w="192" h="189" x="-21.000000" y="-18.000000">
   <element name="books01" layername="book" frame="2" z_index="10" m_a="2.500000" m_b="0.000000" m_c="0.000000" m_d="2.500000" m_tx="-85.000000" m_ty="-82.000000"/>
  </frame>
  <frame idx="450" w="192" h="189" x="-21.000000" y="-18.000000">
   <element name="books01" layername="book" frame="2" z_index="10" m_a="2.500000" m_b="0.000000" m_c="0.000000" m_d="2.500000" m_tx="-85.000000" m_ty="-82.000000"/>
  </frame>
  <frame idx="475" w="192" h="189" x="-21.000000" y="-18.000000">
   <element name="books01" layername="book" frame="2" z_index="10" m_a="2.500000" m_b="0.000000" m_c="0.000000" m_d="2.500000" m_tx="-85.000000" m_ty="-82.000000"/>
  </frame>
  <frame idx="500" w="192" h="189" x="-21.000000" y="-18.000000">
   <element name="books01" layername="book" frame="2" z_index="10" m_a="2.500000" m_b="0.000000" m_c="0.000000" m_d="2.500000" m_tx="-85.000000" m_ty="-82.000000"/>
  </frame>
  <frame idx="525" w="192" h="189" x="-21.000000" y="-18.000000">
   <element name="books01" layername="book" frame="2" z_index="10" m_a="2.500000" m_b="0.000000" m_c="0.000000" m_d="2.500000" m_tx="-85.000000" m_ty="-82.000000"/>
  </frame>
  <frame idx="550" w="192" h="189" x="-21.000000" y="-18.000000">
   <element name="books01" layername="book" frame="2" z_index="10" m_a="2.500000" m_b="0.000000" m_c="0.000000" m_d="2.500000" m_tx="-85.000000" m_ty="-82.000000"/>
  </frame>
  <frame idx="575" w="192" h="189" x="-21.000000" y="-18.000000">
   <element name="books01" layername="book" frame="2" z_index="10" m_a="2.500000" m_b="0.000000" m_c="0.000000" m_d="2.500000" m_tx="-85.000000" m_ty="-82.000000"/>
  </frame>
  <frame idx="600" w="192" h="189" x="-21.000000" y="-18.000000">
   <element name="books01" layername="book" frame="2" z_index="10" m_a="2.500000" m_b="0.000000" m_c="0.000000" m_d="2.500000" m_tx="-85.000000" m_ty="-82.000000"/>
  </frame>
  <frame idx="625" w="192" h="189" x="-21.000000" y="-18.000000">
   <element name="books01" layername="book" frame="2" z_index="10" m_a="2.500000" m_b="0.000000" m_c="0.000000" m_d="2.500000" m_tx="-85.000000" m_ty="-82.000000"/>
  </frame>
  <frame idx="650" w="192" h="189" x="-21.000000" y="-18.000000">
   <element name="books01" layername="book" frame="2" z_index="10" m_a="2.500000" m_b="0.000000" m_c="0.000000" m_d="2.500000" m_tx="-85.000000" m_ty="-82.000000"/>
  </frame>
  <frame idx="675" w="192" h="189" x="-21.000000" y="-18.000000">
   <element name="books01" layername="book" frame="2" z_index="10" m_a="2.500000" m_b="0.000000" m_c="0.000000" m_d="2.500000" m_tx="-85.000000" m_ty="-82.000000"/>
  </frame>
  <frame idx="700" w="192" h="189" x="-21.000000" y="-18.000000">
   <element name="books01" layername="book" frame="2" z_index="10" m_a="2.500000" m_b="0.000000" m_c="0.000000" m_d="2.500000" m_tx="-85.000000" m_ty="-82.000000"/>
  </frame>
  <frame idx="725" w="192" h="189" x="-21.000000" y="-18.000000">
   <element name="books01" layername="book" frame="2" z_index="10" m_a="2.500000" m_b="0.000000" m_c="0.000000" m_d="2.500000" m_tx="-85.000000" m_ty="-82.000000"/>
  </frame>
  <frame idx="750" w="192" h="189" x="-21.000000" y="-18.000000">
   <element name="books01" layername="book" frame="2" z_index="10" m_a="2.500000" m_b="0.000000" m_c="0.000000" m_d="2.500000" m_tx="-85.000000" m_ty="-82.000000"/>
  </frame>
  <frame idx="775" w="192" h="189" x="-21.000000" y="-18.000000">
   <element name="books01" layername="book" frame="2" z_index="10" m_a="2.500000" m_b="0.000000" m_c="0.000000" m_d="2.500000" m_tx="-85.000000" m_ty="-82.000000"/>
  </frame>
  <frame idx="800" w="192" h="189" x="-21.000000" y="-18.000000">
   <element name="books01" layername="book" frame="2" z_index="10" m_a="2.500000" m_b="0.000000" m_c="0.000000" m_d="2.500000" m_tx="-85.000000" m_ty="-82.000000"/>
  </frame>
  <frame idx="825" w="192" h="189" x="-21.000000" y="-18.000000">
   <element name="books01" layername="book" frame="2" z_index="10" m_a="2.500000" m_b="0.000000" m_c="0.000000" m_d="2.500000" m_tx="-85.000000" m_ty="-82.000000"/>
  </frame>
  <frame idx="850" w="192" h="189" x="-21.000000" y="-18.000000">
   <element name="books01" layername="book" frame="2" z_index="10" m_a="2.500000" m_b="0.000000" m_c="0.000000" m_d="2.500000" m_tx="-85.000000" m_ty="-82.000000"/>
  </frame>
  <frame idx="875" w="192" h="189" x="-21.000000" y="-18.000000">
   <element name="books01" layername="book" frame="2" z_index="10" m_a="2.500000" m_b="0.000000" m_c="0.000000" m_d="2.500000" m_tx="-85.000000" m_ty="-82.000000"/>
  </frame>
  <frame idx="900" w="192" h="189" x="-21.000000" y="-18.000000">
   <element name="books01" layername="book" frame="2" z_index="10" m_a="2.500000" m_b="0.000000" m_c="0.000000" m_d="2.500000" m_tx="-85.000000" m_ty="-82.000000"/>
  </frame>
  <frame idx="925" w="192" h="189" x="-21.000000" y="-18.000000">
   <element name="books01" layername="book" frame="2" z_index="10" m_a="2.500000" m_b="0.000000" m_c="0.000000" m_d="2.500000" m_tx="-85.000000" m_ty="-82.000000"/>
  </frame>
  <frame idx="950" w="192" h="189" x="-21.000000" y="-18.000000">
   <element name="books01" layername="book" frame="2" z_index="10" m_a="2.500000" m_b="0.000000" m_c="0.000000" m_d="2.500000" m_tx="-85.000000" m_ty="-82.000000"/>
  </frame>
  <frame idx="975" w="192" h="189" x="-21.000000" y="-18.000000">
   <element name="books01" layername="book" frame="2" z_index="10" m_a="2.500000" m_b="0.000000" m_c="0.000000" m_d="2.500000" m_tx="-85.000000" m_ty="-82.000000"/>
  </frame>
 </anim>
 <anim name="work" root="ayanbooks" numframes="1000" framerate="40">
  <frame idx="0" w="192" h="186" x="-20.000000" y="-14.500000">
   <element name="books01" layername="book" frame="3" z_index="10" m_a="2.500000" m_b="0.000000" m_c="0.000000" m_d="2.500000" m_tx="-84.000000" m_ty="-79.000000"/>
  </frame>
  <frame idx="25" w="192" h="186" x="-20.000000" y="-14.500000">
   <element name="books01" layername="book" frame="3" z_index="10" m_a="2.500000" m_b="0.000000" m_c="0.000000" m_d="2.500000" m_tx="-84.000000" m_ty="-79.000000"/>
  </frame>
  <frame idx="50" w="192" h="186" x="-20.000000" y="-14.500000">
   <element name="books01" layername="book" frame="3" z_index="10" m_a="2.500000" m_b="0.000000" m_c="0.000000" m_d="2.500000" m_tx="-84.000000" m_ty="-79.000000"/>
  </frame>
  <frame idx="75" w="192" h="186" x="-20.000000" y="-14.500000">
   <element name="books01" layername="book" frame="3" z_index="10" m_a="2.500000" m_b="0.000000" m_c="0.000000" m_d="2.500000" m_tx="-84.000000" m_ty="-79.000000"/>
  </frame>
  <frame idx="100" w="192" h="186" x="-20.000000" y="-14.500000">
   <element name="books01" layername="book" frame="3" z_index="10" m_a="2.500000" m_b="0.000000" m_c="0.000000" m_d="2.500000" m_tx="-84.000000" m_ty="-79.000000"/>
  </frame>
  <frame idx="125" w="192" h="186" x="-20.000000" y="-14.500000">
   <element name="books01" layername="book" frame="3" z_index="10" m_a="2.500000" m_b="0.000000" m_c="0.000000" m_d="2.500000" m_tx="-84.000000" m_ty="-79.000000"/>
  </frame>
  <frame idx="150" w="192" h="186" x="-20.000000" y="-14.500000">
   <element name="books01" layername="book" frame="3" z_index="10" m_a="2.500000" m_b="0.000000" m_c="0.000000" m_d="2.500000" m_tx="-84.000000" m_ty="-79.000000"/>
  </frame>
  <frame idx="175" w="192" h="186" x="-20.000000" y="-14.500000">
   <element name="books01" layername="book" frame="3" z_index="10" m_a="2.500000" m_b="0.000000" m_c="0.000000" m_d="2.500000" m_tx="-84.000000" m_ty="-79.000000"/>
  </frame>
  <frame idx="200" w="192" h="186" x="-20.000000" y="-14.500000">
   <element name="books01" layername="book" frame="3" z_index="10" m_a="2.500000" m_b="0.000000" m_c="0.000000" m_d="2.500000" m_tx="-84.000000" m_ty="-79.000000"/>
  </frame>
  <frame idx="225" w="192" h="186" x="-20.000000" y="-14.500000">
   <element name="books01" layername="book" frame="3" z_index="10" m_a="2.500000" m_b="0.000000" m_c="0.000000" m_d="2.500000" m_tx="-84.000000" m_ty="-79.000000"/>
  </frame>
  <frame idx="250" w="192" h="186" x="-20.000000" y="-14.500000">
   <element name="books01" layername="book" frame="3" z_index="10" m_a="2.500000" m_b="0.000000" m_c="0.000000" m_d="2.500000" m_tx="-84.000000" m_ty="-79.000000"/>
  </frame>
  <frame idx="275" w="192" h="186" x="-20.000000" y="-14.500000">
   <element name="books01" layername="book" frame="3" z_index="10" m_a="2.500000" m_b="0.000000" m_c="0.000000" m_d="2.500000" m_tx="-84.000000" m_ty="-79.000000"/>
  </frame>
  <frame idx="300" w="192" h="186" x="-20.000000" y="-14.500000">
   <element name="books01" layername="book" frame="3" z_index="10" m_a="2.500000" m_b="0.000000" m_c="0.000000" m_d="2.500000" m_tx="-84.000000" m_ty="-79.000000"/>
  </frame>
  <frame idx="325" w="192" h="186" x="-20.000000" y="-14.500000">
   <element name="books01" layername="book" frame="3" z_index="10" m_a="2.500000" m_b="0.000000" m_c="0.000000" m_d="2.500000" m_tx="-84.000000" m_ty="-79.000000"/>
  </frame>
  <frame idx="350" w="192" h="186" x="-20.000000" y="-14.500000">
   <element name="books01" layername="book" frame="3" z_index="10" m_a="2.500000" m_b="0.000000" m_c="0.000000" m_d="2.500000" m_tx="-84.000000" m_ty="-79.000000"/>
  </frame>
  <frame idx="375" w="192" h="186" x="-20.000000" y="-14.500000">
   <element name="books01" layername="book" frame="3" z_index="10" m_a="2.500000" m_b="0.000000" m_c="0.000000" m_d="2.500000" m_tx="-84.000000" m_ty="-79.000000"/>
  </frame>
  <frame idx="400" w="192" h="186" x="-20.000000" y="-14.500000">
   <element name="books01" layername="book" frame="3" z_index="10" m_a="2.500000" m_b="0.000000" m_c="0.000000" m_d="2.500000" m_tx="-84.000000" m_ty="-79.000000"/>
  </frame>
  <frame idx="425" w="192" h="186" x="-20.000000" y="-14.500000">
   <element name="books01" layername="book" frame="3" z_index="10" m_a="2.500000" m_b="0.000000" m_c="0.000000" m_d="2.500000" m_tx="-84.000000" m_ty="-79.000000"/>
  </frame>
  <frame idx="450" w="192" h="186" x="-20.000000" y="-14.500000">
   <element name="books01" layername="book" frame="3" z_index="10" m_a="2.500000" m_b="0.000000" m_c="0.000000" m_d="2.500000" m_tx="-84.000000" m_ty="-79.000000"/>
  </frame>
  <frame idx="475" w="192" h="186" x="-20.000000" y="-14.500000">
   <element name="books01" layername="book" frame="3" z_index="10" m_a="2.500000" m_b="0.000000" m_c="0.000000" m_d="2.500000" m_tx="-84.000000" m_ty="-79.000000"/>
  </frame>
  <frame idx="500" w="192" h="186" x="-20.000000" y="-14.500000">
   <element name="books01" layername="book" frame="3" z_index="10" m_a="2.500000" m_b="0.000000" m_c="0.000000" m_d="2.500000" m_tx="-84.000000" m_ty="-79.000000"/>
  </frame>
  <frame idx="525" w="192" h="186" x="-20.000000" y="-14.500000">
   <element name="books01" layername="book" frame="3" z_index="10" m_a="2.500000" m_b="0.000000" m_c="0.000000" m_d="2.500000" m_tx="-84.000000" m_ty="-79.000000"/>
  </frame>
  <frame idx="550" w="192" h="186" x="-20.000000" y="-14.500000">
   <element name="books01" layername="book" frame="3" z_index="10" m_a="2.500000" m_b="0.000000" m_c="0.000000" m_d="2.500000" m_tx="-84.000000" m_ty="-79.000000"/>
  </frame>
  <frame idx="575" w="192" h="186" x="-20.000000" y="-14.500000">
   <element name="books01" layername="book" frame="3" z_index="10" m_a="2.500000" m_b="0.000000" m_c="0.000000" m_d="2.500000" m_tx="-84.000000" m_ty="-79.000000"/>
  </frame>
  <frame idx="600" w="192" h="186" x="-20.000000" y="-14.500000">
   <element name="books01" layername="book" frame="3" z_index="10" m_a="2.500000" m_b="0.000000" m_c="0.000000" m_d="2.500000" m_tx="-84.000000" m_ty="-79.000000"/>
  </frame>
  <frame idx="625" w="192" h="186" x="-20.000000" y="-14.500000">
   <element name="books01" layername="book" frame="3" z_index="10" m_a="2.500000" m_b="0.000000" m_c="0.000000" m_d="2.500000" m_tx="-84.000000" m_ty="-79.000000"/>
  </frame>
  <frame idx="650" w="192" h="186" x="-20.000000" y="-14.500000">
   <element name="books01" layername="book" frame="3" z_index="10" m_a="2.500000" m_b="0.000000" m_c="0.000000" m_d="2.500000" m_tx="-84.000000" m_ty="-79.000000"/>
  </frame>
  <frame idx="675" w="192" h="186" x="-20.000000" y="-14.500000">
   <element name="books01" layername="book" frame="3" z_index="10" m_a="2.500000" m_b="0.000000" m_c="0.000000" m_d="2.500000" m_tx="-84.000000" m_ty="-79.000000"/>
  </frame>
  <frame idx="700" w="192" h="186" x="-20.000000" y="-14.500000">
   <element name="books01" layername="book" frame="3" z_index="10" m_a="2.500000" m_b="0.000000" m_c="0.000000" m_d="2.500000" m_tx="-84.000000" m_ty="-79.000000"/>
  </frame>
  <frame idx="725" w="192" h="186" x="-20.000000" y="-14.500000">
   <element name="books01" layername="book" frame="3" z_index="10" m_a="2.500000" m_b="0.000000" m_c="0.000000" m_d="2.500000" m_tx="-84.000000" m_ty="-79.000000"/>
  </frame>
  <frame idx="750" w="192" h="186" x="-20.000000" y="-14.500000">
   <element name="books01" layername="book" frame="3" z_index="10" m_a="2.500000" m_b="0.000000" m_c="0.000000" m_d="2.500000" m_tx="-84.000000" m_ty="-79.000000"/>
  </frame>
  <frame idx="775" w="192" h="186" x="-20.000000" y="-14.500000">
   <element name="books01" layername="book" frame="3" z_index="10" m_a="2.500000" m_b="0.000000" m_c="0.000000" m_d="2.500000" m_tx="-84.000000" m_ty="-79.000000"/>
  </frame>
  <frame idx="800" w="192" h="186" x="-20.000000" y="-14.500000">
   <element name="books01" layername="book" frame="3" z_index="10" m_a="2.500000" m_b="0.000000" m_c="0.000000" m_d="2.500000" m_tx="-84.000000" m_ty="-79.000000"/>
  </frame>
  <frame idx="825" w="192" h="186" x="-20.000000" y="-14.500000">
   <element name="books01" layername="book" frame="3" z_index="10" m_a="2.500000" m_b="0.000000" m_c="0.000000" m_d="2.500000" m_tx="-84.000000" m_ty="-79.000000"/>
  </frame>
  <frame idx="850" w="192" h="186" x="-20.000000" y="-14.500000">
   <element name="books01" layername="book" frame="3" z_index="10" m_a="2.500000" m_b="0.000000" m_c="0.000000" m_d="2.500000" m_tx="-84.000000" m_ty="-79.000000"/>
  </frame>
  <frame idx="875" w="192" h="186" x="-20.000000" y="-14.500000">
   <element name="books01" layername="book" frame="3" z_index="10" m_a="2.500000" m_b="0.000000" m_c="0.000000" m_d="2.500000" m_tx="-84.000000" m_ty="-79.000000"/>
  </frame>
  <frame idx="900" w="192" h="186" x="-20.000000" y="-14.500000">
   <element name="books01" layername="book" frame="3" z_index="10" m_a="2.500000" m_b="0.000000" m_c="0.000000" m_d="2.500000" m_tx="-84.000000" m_ty="-79.000000"/>
  </frame>
  <frame idx="925" w="192" h="186" x="-20.000000" y="-14.500000">
   <element name="books01" layername="book" frame="3" z_index="10" m_a="2.500000" m_b="0.000000" m_c="0.000000" m_d="2.500000" m_tx="-84.000000" m_ty="-79.000000"/>
  </frame>
  <frame idx="950" w="192" h="186" x="-20.000000" y="-14.500000">
   <element name="books01" layername="book" frame="3" z_index="10" m_a="2.500000" m_b="0.000000" m_c="0.000000" m_d="2.500000" m_tx="-84.000000" m_ty="-79.000000"/>
  </frame>
  <frame idx="975" w="192" h="186" x="-20.000000" y="-14.500000">
   <element name="books01" layername="book" frame="3" z_index="10" m_a="2.500000" m_b="0.000000" m_c="0.000000" m_d="2.500000" m_tx="-84.000000" m_ty="-79.000000"/>
  </frame>
 </anim>
 <anim name="antiwork" root="ayanbooks" numframes="1000" framerate="40">
  <frame idx="0" w="192" h="189" x="-20.000000" y="-17.000000">
   <element name="books01" layername="book" frame="4" z_index="10" m_a="2.500000" m_b="0.000000" m_c="0.000000" m_d="2.500000" m_tx="-84.000000" m_ty="-81.000000"/>
  </frame>
  <frame idx="25" w="192" h="189" x="-20.000000" y="-17.000000">
   <element name="books01" layername="book" frame="4" z_index="10" m_a="2.500000" m_b="0.000000" m_c="0.000000" m_d="2.500000" m_tx="-84.000000" m_ty="-81.000000"/>
  </frame>
  <frame idx="50" w="192" h="189" x="-20.000000" y="-17.000000">
   <element name="books01" layername="book" frame="4" z_index="10" m_a="2.500000" m_b="0.000000" m_c="0.000000" m_d="2.500000" m_tx="-84.000000" m_ty="-81.000000"/>
  </frame>
  <frame idx="75" w="192" h="189" x="-20.000000" y="-17.000000">
   <element name="books01" layername="book" frame="4" z_index="10" m_a="2.500000" m_b="0.000000" m_c="0.000000" m_d="2.500000" m_tx="-84.000000" m_ty="-81.000000"/>
  </frame>
  <frame idx="100" w="192" h="189" x="-20.000000" y="-17.000000">
   <element name="books01" layername="book" frame="4" z_index="10" m_a="2.500000" m_b="0.000000" m_c="0.000000" m_d="2.500000" m_tx="-84.000000" m_ty="-81.000000"/>
  </frame>
  <frame idx="125" w="192" h="189" x="-20.000000" y="-17.000000">
   <element name="books01" layername="book" frame="4" z_index="10" m_a="2.500000" m_b="0.000000" m_c="0.000000" m_d="2.500000" m_tx="-84.000000" m_ty="-81.000000"/>
  </frame>
  <frame idx="150" w="192" h="189" x="-20.000000" y="-17.000000">
   <element name="books01" layername="book" frame="4" z_index="10" m_a="2.500000" m_b="0.000000" m_c="0.000000" m_d="2.500000" m_tx="-84.000000" m_ty="-81.000000"/>
  </frame>
  <frame idx="175" w="192" h="189" x="-20.000000" y="-17.000000">
   <element name="books01" layername="book" frame="4" z_index="10" m_a="2.500000" m_b="0.000000" m_c="0.000000" m_d="2.500000" m_tx="-84.000000" m_ty="-81.000000"/>
  </frame>
  <frame idx="200" w="192" h="189" x="-20.000000" y="-17.000000">
   <element name="books01" layername="book" frame="4" z_index="10" m_a="2.500000" m_b="0.000000" m_c="0.000000" m_d="2.500000" m_tx="-84.000000" m_ty="-81.000000"/>
  </frame>
  <frame idx="225" w="192" h="189" x="-20.000000" y="-17.000000">
   <element name="books01" layername="book" frame="4" z_index="10" m_a="2.500000" m_b="0.000000" m_c="0.000000" m_d="2.500000" m_tx="-84.000000" m_ty="-81.000000"/>
  </frame>
  <frame idx="250" w="192" h="189" x="-20.000000" y="-17.000000">
   <element name="books01" layername="book" frame="4" z_index="10" m_a="2.500000" m_b="0.000000" m_c="0.000000" m_d="2.500000" m_tx="-84.000000" m_ty="-81.000000"/>
  </frame>
  <frame idx="275" w="192" h="189" x="-20.000000" y="-17.000000">
   <element name="books01" layername="book" frame="4" z_index="10" m_a="2.500000" m_b="0.000000" m_c="0.000000" m_d="2.500000" m_tx="-84.000000" m_ty="-81.000000"/>
  </frame>
  <frame idx="300" w="192" h="189" x="-20.000000" y="-17.000000">
   <element name="books01" layername="book" frame="4" z_index="10" m_a="2.500000" m_b="0.000000" m_c="0.000000" m_d="2.500000" m_tx="-84.000000" m_ty="-81.000000"/>
  </frame>
  <frame idx="325" w="192" h="189" x="-20.000000" y="-17.000000">
   <element name="books01" layername="book" frame="4" z_index="10" m_a="2.500000" m_b="0.000000" m_c="0.000000" m_d="2.500000" m_tx="-84.000000" m_ty="-81.000000"/>
  </frame>
  <frame idx="350" w="192" h="189" x="-20.000000" y="-17.000000">
   <element name="books01" layername="book" frame="4" z_index="10" m_a="2.500000" m_b="0.000000" m_c="0.000000" m_d="2.500000" m_tx="-84.000000" m_ty="-81.000000"/>
  </frame>
  <frame idx="375" w="192" h="189" x="-20.000000" y="-17.000000">
   <element name="books01" layername="book" frame="4" z_index="10" m_a="2.500000" m_b="0.000000" m_c="0.000000" m_d="2.500000" m_tx="-84.000000" m_ty="-81.000000"/>
  </frame>
  <frame idx="400" w="192" h="189" x="-20.000000" y="-17.000000">
   <element name="books01" layername="book" frame="4" z_index="10" m_a="2.500000" m_b="0.000000" m_c="0.000000" m_d="2.500000" m_tx="-84.000000" m_ty="-81.000000"/>
  </frame>
  <frame idx="425" w="192" h="189" x="-20.000000" y="-17.000000">
   <element name="books01" layername="book" frame="4" z_index="10" m_a="2.500000" m_b="0.000000" m_c="0.000000" m_d="2.500000" m_tx="-84.000000" m_ty="-81.000000"/>
  </frame>
  <frame idx="450" w="192" h="189" x="-20.000000" y="-17.000000">
   <element name="books01" layername="book" frame="4" z_index="10" m_a="2.500000" m_b="0.000000" m_c="0.000000" m_d="2.500000" m_tx="-84.000000" m_ty="-81.000000"/>
  </frame>
  <frame idx="475" w="192" h="189" x="-20.000000" y="-17.000000">
   <element name="books01" layername="book" frame="4" z_index="10" m_a="2.500000" m_b="0.000000" m_c="0.000000" m_d="2.500000" m_tx="-84.000000" m_ty="-81.000000"/>
  </frame>
  <frame idx="500" w="192" h="189" x="-20.000000" y="-17.000000">
   <element name="books01" layername="book" frame="4" z_index="10" m_a="2.500000" m_b="0.000000" m_c="0.000000" m_d="2.500000" m_tx="-84.000000" m_ty="-81.000000"/>
  </frame>
  <frame idx="525" w="192" h="189" x="-20.000000" y="-17.000000">
   <element name="books01" layername="book" frame="4" z_index="10" m_a="2.500000" m_b="0.000000" m_c="0.000000" m_d="2.500000" m_tx="-84.000000" m_ty="-81.000000"/>
  </frame>
  <frame idx="550" w="192" h="189" x="-20.000000" y="-17.000000">
   <element name="books01" layername="book" frame="4" z_index="10" m_a="2.500000" m_b="0.000000" m_c="0.000000" m_d="2.500000" m_tx="-84.000000" m_ty="-81.000000"/>
  </frame>
  <frame idx="575" w="192" h="189" x="-20.000000" y="-17.000000">
   <element name="books01" layername="book" frame="4" z_index="10" m_a="2.500000" m_b="0.000000" m_c="0.000000" m_d="2.500000" m_tx="-84.000000" m_ty="-81.000000"/>
  </frame>
  <frame idx="600" w="192" h="189" x="-20.000000" y="-17.000000">
   <element name="books01" layername="book" frame="4" z_index="10" m_a="2.500000" m_b="0.000000" m_c="0.000000" m_d="2.500000" m_tx="-84.000000" m_ty="-81.000000"/>
  </frame>
  <frame idx="625" w="192" h="189" x="-20.000000" y="-17.000000">
   <element name="books01" layername="book" frame="4" z_index="10" m_a="2.500000" m_b="0.000000" m_c="0.000000" m_d="2.500000" m_tx="-84.000000" m_ty="-81.000000"/>
  </frame>
  <frame idx="650" w="192" h="189" x="-20.000000" y="-17.000000">
   <element name="books01" layername="book" frame="4" z_index="10" m_a="2.500000" m_b="0.000000" m_c="0.000000" m_d="2.500000" m_tx="-84.000000" m_ty="-81.000000"/>
  </frame>
  <frame idx="675" w="192" h="189" x="-20.000000" y="-17.000000">
   <element name="books01" layername="book" frame="4" z_index="10" m_a="2.500000" m_b="0.000000" m_c="0.000000" m_d="2.500000" m_tx="-84.000000" m_ty="-81.000000"/>
  </frame>
  <frame idx="700" w="192" h="189" x="-20.000000" y="-17.000000">
   <element name="books01" layername="book" frame="4" z_index="10" m_a="2.500000" m_b="0.000000" m_c="0.000000" m_d="2.500000" m_tx="-84.000000" m_ty="-81.000000"/>
  </frame>
  <frame idx="725" w="192" h="189" x="-20.000000" y="-17.000000">
   <element name="books01" layername="book" frame="4" z_index="10" m_a="2.500000" m_b="0.000000" m_c="0.000000" m_d="2.500000" m_tx="-84.000000" m_ty="-81.000000"/>
  </frame>
  <frame idx="750" w="192" h="189" x="-20.000000" y="-17.000000">
   <element name="books01" layername="book" frame="4" z_index="10" m_a="2.500000" m_b="0.000000" m_c="0.000000" m_d="2.500000" m_tx="-84.000000" m_ty="-81.000000"/>
  </frame>
  <frame idx="775" w="192" h="189" x="-20.000000" y="-17.000000">
   <element name="books01" layername="book" frame="4" z_index="10" m_a="2.500000" m_b="0.000000" m_c="0.000000" m_d="2.500000" m_tx="-84.000000" m_ty="-81.000000"/>
  </frame>
  <frame idx="800" w="192" h="189" x="-20.000000" y="-17.000000">
   <element name="books01" layername="book" frame="4" z_index="10" m_a="2.500000" m_b="0.000000" m_c="0.000000" m_d="2.500000" m_tx="-84.000000" m_ty="-81.000000"/>
  </frame>
  <frame idx="825" w="192" h="189" x="-20.000000" y="-17.000000">
   <element name="books01" layername="book" frame="4" z_index="10" m_a="2.500000" m_b="0.000000" m_c="0.000000" m_d="2.500000" m_tx="-84.000000" m_ty="-81.000000"/>
  </frame>
  <frame idx="850" w="192" h="189" x="-20.000000" y="-17.000000">
   <element name="books01" layername="book" frame="4" z_index="10" m_a="2.500000" m_b="0.000000" m_c="0.000000" m_d="2.500000" m_tx="-84.000000" m_ty="-81.000000"/>
  </frame>
  <frame idx="875" w="192" h="189" x="-20.000000" y="-17.000000">
   <element name="books01" layername="book" frame="4" z_index="10" m_a="2.500000" m_b="0.000000" m_c="0.000000" m_d="2.500000" m_tx="-84.000000" m_ty="-81.000000"/>
  </frame>
  <frame idx="900" w="192" h="189" x="-20.000000" y="-17.000000">
   <element name="books01" layername="book" frame="4" z_index="10" m_a="2.500000" m_b="0.000000" m_c="0.000000" m_d="2.500000" m_tx="-84.000000" m_ty="-81.000000"/>
  </frame>
  <frame idx="925" w="192" h="189" x="-20.000000" y="-17.000000">
   <element name="books01" layername="book" frame="4" z_index="10" m_a="2.500000" m_b="0.000000" m_c="0.000000" m_d="2.500000" m_tx="-84.000000" m_ty="-81.000000"/>
  </frame>
  <frame idx="950" w="192" h="189" x="-20.000000" y="-17.000000">
   <element name="books01" layername="book" frame="4" z_index="10" m_a="2.500000" m_b="0.000000" m_c="0.000000" m_d="2.500000" m_tx="-84.000000" m_ty="-81.000000"/>
  </frame>
  <frame idx="975" w="192" h="189" x="-20.000000" y="-17.000000">
   <element name="books01" layername="book" frame="4" z_index="10" m_a="2.500000" m_b="0.000000" m_c="0.000000" m_d="2.500000" m_tx="-84.000000" m_ty="-81.000000"/>
  </frame>
 </anim>
 <anim name="fightplus" root="ayanbooks" numframes="1000" framerate="40">
  <frame idx="0" w="192" h="189" x="-20.000000" y="-17.000000">
   <element name="books01" layername="book" frame="5" z_index="10" m_a="2.500000" m_b="0.000000" m_c="0.000000" m_d="2.500000" m_tx="-84.000000" m_ty="-81.000000"/>
  </frame>
  <frame idx="25" w="192" h="189" x="-20.000000" y="-17.000000">
   <element name="books01" layername="book" frame="5" z_index="10" m_a="2.500000" m_b="0.000000" m_c="0.000000" m_d="2.500000" m_tx="-84.000000" m_ty="-81.000000"/>
  </frame>
  <frame idx="50" w="192" h="189" x="-20.000000" y="-17.000000">
   <element name="books01" layername="book" frame="5" z_index="10" m_a="2.500000" m_b="0.000000" m_c="0.000000" m_d="2.500000" m_tx="-84.000000" m_ty="-81.000000"/>
  </frame>
  <frame idx="75" w="192" h="189" x="-20.000000" y="-17.000000">
   <element name="books01" layername="book" frame="5" z_index="10" m_a="2.500000" m_b="0.000000" m_c="0.000000" m_d="2.500000" m_tx="-84.000000" m_ty="-81.000000"/>
  </frame>
  <frame idx="100" w="192" h="189" x="-20.000000" y="-17.000000">
   <element name="books01" layername="book" frame="5" z_index="10" m_a="2.500000" m_b="0.000000" m_c="0.000000" m_d="2.500000" m_tx="-84.000000" m_ty="-81.000000"/>
  </frame>
  <frame idx="125" w="192" h="189" x="-20.000000" y="-17.000000">
   <element name="books01" layername="book" frame="5" z_index="10" m_a="2.500000" m_b="0.000000" m_c="0.000000" m_d="2.500000" m_tx="-84.000000" m_ty="-81.000000"/>
  </frame>
  <frame idx="150" w="192" h="189" x="-20.000000" y="-17.000000">
   <element name="books01" layername="book" frame="5" z_index="10" m_a="2.500000" m_b="0.000000" m_c="0.000000" m_d="2.500000" m_tx="-84.000000" m_ty="-81.000000"/>
  </frame>
  <frame idx="175" w="192" h="189" x="-20.000000" y="-17.000000">
   <element name="books01" layername="book" frame="5" z_index="10" m_a="2.500000" m_b="0.000000" m_c="0.000000" m_d="2.500000" m_tx="-84.000000" m_ty="-81.000000"/>
  </frame>
  <frame idx="200" w="192" h="189" x="-20.000000" y="-17.000000">
   <element name="books01" layername="book" frame="5" z_index="10" m_a="2.500000" m_b="0.000000" m_c="0.000000" m_d="2.500000" m_tx="-84.000000" m_ty="-81.000000"/>
  </frame>
  <frame idx="225" w="192" h="189" x="-20.000000" y="-17.000000">
   <element name="books01" layername="book" frame="5" z_index="10" m_a="2.500000" m_b="0.000000" m_c="0.000000" m_d="2.500000" m_tx="-84.000000" m_ty="-81.000000"/>
  </frame>
  <frame idx="250" w="192" h="189" x="-20.000000" y="-17.000000">
   <element name="books01" layername="book" frame="5" z_index="10" m_a="2.500000" m_b="0.000000" m_c="0.000000" m_d="2.500000" m_tx="-84.000000" m_ty="-81.000000"/>
  </frame>
  <frame idx="275" w="192" h="189" x="-20.000000" y="-17.000000">
   <element name="books01" layername="book" frame="5" z_index="10" m_a="2.500000" m_b="0.000000" m_c="0.000000" m_d="2.500000" m_tx="-84.000000" m_ty="-81.000000"/>
  </frame>
  <frame idx="300" w="192" h="189" x="-20.000000" y="-17.000000">
   <element name="books01" layername="book" frame="5" z_index="10" m_a="2.500000" m_b="0.000000" m_c="0.000000" m_d="2.500000" m_tx="-84.000000" m_ty="-81.000000"/>
  </frame>
  <frame idx="325" w="192" h="189" x="-20.000000" y="-17.000000">
   <element name="books01" layername="book" frame="5" z_index="10" m_a="2.500000" m_b="0.000000" m_c="0.000000" m_d="2.500000" m_tx="-84.000000" m_ty="-81.000000"/>
  </frame>
  <frame idx="350" w="192" h="189" x="-20.000000" y="-17.000000">
   <element name="books01" layername="book" frame="5" z_index="10" m_a="2.500000" m_b="0.000000" m_c="0.000000" m_d="2.500000" m_tx="-84.000000" m_ty="-81.000000"/>
  </frame>
  <frame idx="375" w="192" h="189" x="-20.000000" y="-17.000000">
   <element name="books01" layername="book" frame="5" z_index="10" m_a="2.500000" m_b="0.000000" m_c="0.000000" m_d="2.500000" m_tx="-84.000000" m_ty="-81.000000"/>
  </frame>
  <frame idx="400" w="192" h="189" x="-20.000000" y="-17.000000">
   <element name="books01" layername="book" frame="5" z_index="10" m_a="2.500000" m_b="0.000000" m_c="0.000000" m_d="2.500000" m_tx="-84.000000" m_ty="-81.000000"/>
  </frame>
  <frame idx="425" w="192" h="189" x="-20.000000" y="-17.000000">
   <element name="books01" layername="book" frame="5" z_index="10" m_a="2.500000" m_b="0.000000" m_c="0.000000" m_d="2.500000" m_tx="-84.000000" m_ty="-81.000000"/>
  </frame>
  <frame idx="450" w="192" h="189" x="-20.000000" y="-17.000000">
   <element name="books01" layername="book" frame="5" z_index="10" m_a="2.500000" m_b="0.000000" m_c="0.000000" m_d="2.500000" m_tx="-84.000000" m_ty="-81.000000"/>
  </frame>
  <frame idx="475" w="192" h="189" x="-20.000000" y="-17.000000">
   <element name="books01" layername="book" frame="5" z_index="10" m_a="2.500000" m_b="0.000000" m_c="0.000000" m_d="2.500000" m_tx="-84.000000" m_ty="-81.000000"/>
  </frame>
  <frame idx="500" w="192" h="189" x="-20.000000" y="-17.000000">
   <element name="books01" layername="book" frame="5" z_index="10" m_a="2.500000" m_b="0.000000" m_c="0.000000" m_d="2.500000" m_tx="-84.000000" m_ty="-81.000000"/>
  </frame>
  <frame idx="525" w="192" h="189" x="-20.000000" y="-17.000000">
   <element name="books01" layername="book" frame="5" z_index="10" m_a="2.500000" m_b="0.000000" m_c="0.000000" m_d="2.500000" m_tx="-84.000000" m_ty="-81.000000"/>
  </frame>
  <frame idx="550" w="192" h="189" x="-20.000000" y="-17.000000">
   <element name="books01" layername="book" frame="5" z_index="10" m_a="2.500000" m_b="0.000000" m_c="0.000000" m_d="2.500000" m_tx="-84.000000" m_ty="-81.000000"/>
  </frame>
  <frame idx="575" w="192" h="189" x="-20.000000" y="-17.000000">
   <element name="books01" layername="book" frame="5" z_index="10" m_a="2.500000" m_b="0.000000" m_c="0.000000" m_d="2.500000" m_tx="-84.000000" m_ty="-81.000000"/>
  </frame>
  <frame idx="600" w="192" h="189" x="-20.000000" y="-17.000000">
   <element name="books01" layername="book" frame="5" z_index="10" m_a="2.500000" m_b="0.000000" m_c="0.000000" m_d="2.500000" m_tx="-84.000000" m_ty="-81.000000"/>
  </frame>
  <frame idx="625" w="192" h="189" x="-20.000000" y="-17.000000">
   <element name="books01" layername="book" frame="5" z_index="10" m_a="2.500000" m_b="0.000000" m_c="0.000000" m_d="2.500000" m_tx="-84.000000" m_ty="-81.000000"/>
  </frame>
  <frame idx="650" w="192" h="189" x="-20.000000" y="-17.000000">
   <element name="books01" layername="book" frame="5" z_index="10" m_a="2.500000" m_b="0.000000" m_c="0.000000" m_d="2.500000" m_tx="-84.000000" m_ty="-81.000000"/>
  </frame>
  <frame idx="675" w="192" h="189" x="-20.000000" y="-17.000000">
   <element name="books01" layername="book" frame="5" z_index="10" m_a="2.500000" m_b="0.000000" m_c="0.000000" m_d="2.500000" m_tx="-84.000000" m_ty="-81.000000"/>
  </frame>
  <frame idx="700" w="192" h="189" x="-20.000000" y="-17.000000">
   <element name="books01" layername="book" frame="5" z_index="10" m_a="2.500000" m_b="0.000000" m_c="0.000000" m_d="2.500000" m_tx="-84.000000" m_ty="-81.000000"/>
  </frame>
  <frame idx="725" w="192" h="189" x="-20.000000" y="-17.000000">
   <element name="books01" layername="book" frame="5" z_index="10" m_a="2.500000" m_b="0.000000" m_c="0.000000" m_d="2.500000" m_tx="-84.000000" m_ty="-81.000000"/>
  </frame>
  <frame idx="750" w="192" h="189" x="-20.000000" y="-17.000000">
   <element name="books01" layername="book" frame="5" z_index="10" m_a="2.500000" m_b="0.000000" m_c="0.000000" m_d="2.500000" m_tx="-84.000000" m_ty="-81.000000"/>
  </frame>
  <frame idx="775" w="192" h="189" x="-20.000000" y="-17.000000">
   <element name="books01" layername="book" frame="5" z_index="10" m_a="2.500000" m_b="0.000000" m_c="0.000000" m_d="2.500000" m_tx="-84.000000" m_ty="-81.000000"/>
  </frame>
  <frame idx="800" w="192" h="189" x="-20.000000" y="-17.000000">
   <element name="books01" layername="book" frame="5" z_index="10" m_a="2.500000" m_b="0.000000" m_c="0.000000" m_d="2.500000" m_tx="-84.000000" m_ty="-81.000000"/>
  </frame>
  <frame idx="825" w="192" h="189" x="-20.000000" y="-17.000000">
   <element name="books01" layername="book" frame="5" z_index="10" m_a="2.500000" m_b="0.000000" m_c="0.000000" m_d="2.500000" m_tx="-84.000000" m_ty="-81.000000"/>
  </frame>
  <frame idx="850" w="192" h="189" x="-20.000000" y="-17.000000">
   <element name="books01" layername="book" frame="5" z_index="10" m_a="2.500000" m_b="0.000000" m_c="0.000000" m_d="2.500000" m_tx="-84.000000" m_ty="-81.000000"/>
  </frame>
  <frame idx="875" w="192" h="189" x="-20.000000" y="-17.000000">
   <element name="books01" layername="book" frame="5" z_index="10" m_a="2.500000" m_b="0.000000" m_c="0.000000" m_d="2.500000" m_tx="-84.000000" m_ty="-81.000000"/>
  </frame>
  <frame idx="900" w="192" h="189" x="-20.000000" y="-17.000000">
   <element name="books01" layername="book" frame="5" z_index="10" m_a="2.500000" m_b="0.000000" m_c="0.000000" m_d="2.500000" m_tx="-84.000000" m_ty="-81.000000"/>
  </frame>
  <frame idx="925" w="192" h="189" x="-20.000000" y="-17.000000">
   <element name="books01" layername="book" frame="5" z_index="10" m_a="2.500000" m_b="0.000000" m_c="0.000000" m_d="2.500000" m_tx="-84.000000" m_ty="-81.000000"/>
  </frame>
  <frame idx="950" w="192" h="189" x="-20.000000" y="-17.000000">
   <element name="books01" layername="book" frame="5" z_index="10" m_a="2.500000" m_b="0.000000" m_c="0.000000" m_d="2.500000" m_tx="-84.000000" m_ty="-81.000000"/>
  </frame>
  <frame idx="975" w="192" h="189" x="-20.000000" y="-17.000000">
   <element name="books01" layername="book" frame="5" z_index="10" m_a="2.500000" m_b="0.000000" m_c="0.000000" m_d="2.500000" m_tx="-84.000000" m_ty="-81.000000"/>
  </frame>
 </anim>
 <anim name="fightminus" root="ayanbooks" numframes="1000" framerate="40">
  <frame idx="0" w="192" h="188" x="-19.000000" y="-15.000000">
   <element name="books01" layername="book" frame="6" z_index="10" m_a="2.500000" m_b="0.000000" m_c="0.000000" m_d="2.500000" m_tx="-83.000000" m_ty="-79.000000"/>
  </frame>
  <frame idx="25" w="192" h="188" x="-19.000000" y="-15.000000">
   <element name="books01" layername="book" frame="6" z_index="10" m_a="2.500000" m_b="0.000000" m_c="0.000000" m_d="2.500000" m_tx="-83.000000" m_ty="-79.000000"/>
  </frame>
  <frame idx="50" w="192" h="188" x="-19.000000" y="-15.000000">
   <element name="books01" layername="book" frame="6" z_index="10" m_a="2.500000" m_b="0.000000" m_c="0.000000" m_d="2.500000" m_tx="-83.000000" m_ty="-79.000000"/>
  </frame>
  <frame idx="75" w="192" h="188" x="-19.000000" y="-15.000000">
   <element name="books01" layername="book" frame="6" z_index="10" m_a="2.500000" m_b="0.000000" m_c="0.000000" m_d="2.500000" m_tx="-83.000000" m_ty="-79.000000"/>
  </frame>
  <frame idx="100" w="192" h="188" x="-19.000000" y="-15.000000">
   <element name="books01" layername="book" frame="6" z_index="10" m_a="2.500000" m_b="0.000000" m_c="0.000000" m_d="2.500000" m_tx="-83.000000" m_ty="-79.000000"/>
  </frame>
  <frame idx="125" w="192" h="188" x="-19.000000" y="-15.000000">
   <element name="books01" layername="book" frame="6" z_index="10" m_a="2.500000" m_b="0.000000" m_c="0.000000" m_d="2.500000" m_tx="-83.000000" m_ty="-79.000000"/>
  </frame>
  <frame idx="150" w="192" h="188" x="-19.000000" y="-15.000000">
   <element name="books01" layername="book" frame="6" z_index="10" m_a="2.500000" m_b="0.000000" m_c="0.000000" m_d="2.500000" m_tx="-83.000000" m_ty="-79.000000"/>
  </frame>
  <frame idx="175" w="192" h="188" x="-19.000000" y="-15.000000">
   <element name="books01" layername="book" frame="6" z_index="10" m_a="2.500000" m_b="0.000000" m_c="0.000000" m_d="2.500000" m_tx="-83.000000" m_ty="-79.000000"/>
  </frame>
  <frame idx="200" w="192" h="188" x="-19.000000" y="-15.000000">
   <element name="books01" layername="book" frame="6" z_index="10" m_a="2.500000" m_b="0.000000" m_c="0.000000" m_d="2.500000" m_tx="-83.000000" m_ty="-79.000000"/>
  </frame>
  <frame idx="225" w="192" h="188" x="-19.000000" y="-15.000000">
   <element name="books01" layername="book" frame="6" z_index="10" m_a="2.500000" m_b="0.000000" m_c="0.000000" m_d="2.500000" m_tx="-83.000000" m_ty="-79.000000"/>
  </frame>
  <frame idx="250" w="192" h="188" x="-19.000000" y="-15.000000">
   <element name="books01" layername="book" frame="6" z_index="10" m_a="2.500000" m_b="0.000000" m_c="0.000000" m_d="2.500000" m_tx="-83.000000" m_ty="-79.000000"/>
  </frame>
  <frame idx="275" w="192" h="188" x="-19.000000" y="-15.000000">
   <element name="books01" layername="book" frame="6" z_index="10" m_a="2.500000" m_b="0.000000" m_c="0.000000" m_d="2.500000" m_tx="-83.000000" m_ty="-79.000000"/>
  </frame>
  <frame idx="300" w="192" h="188" x="-19.000000" y="-15.000000">
   <element name="books01" layername="book" frame="6" z_index="10" m_a="2.500000" m_b="0.000000" m_c="0.000000" m_d="2.500000" m_tx="-83.000000" m_ty="-79.000000"/>
  </frame>
  <frame idx="325" w="192" h="188" x="-19.000000" y="-15.000000">
   <element name="books01" layername="book" frame="6" z_index="10" m_a="2.500000" m_b="0.000000" m_c="0.000000" m_d="2.500000" m_tx="-83.000000" m_ty="-79.000000"/>
  </frame>
  <frame idx="350" w="192" h="188" x="-19.000000" y="-15.000000">
   <element name="books01" layername="book" frame="6" z_index="10" m_a="2.500000" m_b="0.000000" m_c="0.000000" m_d="2.500000" m_tx="-83.000000" m_ty="-79.000000"/>
  </frame>
  <frame idx="375" w="192" h="188" x="-19.000000" y="-15.000000">
   <element name="books01" layername="book" frame="6" z_index="10" m_a="2.500000" m_b="0.000000" m_c="0.000000" m_d="2.500000" m_tx="-83.000000" m_ty="-79.000000"/>
  </frame>
  <frame idx="400" w="192" h="188" x="-19.000000" y="-15.000000">
   <element name="books01" layername="book" frame="6" z_index="10" m_a="2.500000" m_b="0.000000" m_c="0.000000" m_d="2.500000" m_tx="-83.000000" m_ty="-79.000000"/>
  </frame>
  <frame idx="425" w="192" h="188" x="-19.000000" y="-15.000000">
   <element name="books01" layername="book" frame="6" z_index="10" m_a="2.500000" m_b="0.000000" m_c="0.000000" m_d="2.500000" m_tx="-83.000000" m_ty="-79.000000"/>
  </frame>
  <frame idx="450" w="192" h="188" x="-19.000000" y="-15.000000">
   <element name="books01" layername="book" frame="6" z_index="10" m_a="2.500000" m_b="0.000000" m_c="0.000000" m_d="2.500000" m_tx="-83.000000" m_ty="-79.000000"/>
  </frame>
  <frame idx="475" w="192" h="188" x="-19.000000" y="-15.000000">
   <element name="books01" layername="book" frame="6" z_index="10" m_a="2.500000" m_b="0.000000" m_c="0.000000" m_d="2.500000" m_tx="-83.000000" m_ty="-79.000000"/>
  </frame>
  <frame idx="500" w="192" h="188" x="-19.000000" y="-15.000000">
   <element name="books01" layername="book" frame="6" z_index="10" m_a="2.500000" m_b="0.000000" m_c="0.000000" m_d="2.500000" m_tx="-83.000000" m_ty="-79.000000"/>
  </frame>
  <frame idx="525" w="192" h="188" x="-19.000000" y="-15.000000">
   <element name="books01" layername="book" frame="6" z_index="10" m_a="2.500000" m_b="0.000000" m_c="0.000000" m_d="2.500000" m_tx="-83.000000" m_ty="-79.000000"/>
  </frame>
  <frame idx="550" w="192" h="188" x="-19.000000" y="-15.000000">
   <element name="books01" layername="book" frame="6" z_index="10" m_a="2.500000" m_b="0.000000" m_c="0.000000" m_d="2.500000" m_tx="-83.000000" m_ty="-79.000000"/>
  </frame>
  <frame idx="575" w="192" h="188" x="-19.000000" y="-15.000000">
   <element name="books01" layername="book" frame="6" z_index="10" m_a="2.500000" m_b="0.000000" m_c="0.000000" m_d="2.500000" m_tx="-83.000000" m_ty="-79.000000"/>
  </frame>
  <frame idx="600" w="192" h="188" x="-19.000000" y="-15.000000">
   <element name="books01" layername="book" frame="6" z_index="10" m_a="2.500000" m_b="0.000000" m_c="0.000000" m_d="2.500000" m_tx="-83.000000" m_ty="-79.000000"/>
  </frame>
  <frame idx="625" w="192" h="188" x="-19.000000" y="-15.000000">
   <element name="books01" layername="book" frame="6" z_index="10" m_a="2.500000" m_b="0.000000" m_c="0.000000" m_d="2.500000" m_tx="-83.000000" m_ty="-79.000000"/>
  </frame>
  <frame idx="650" w="192" h="188" x="-19.000000" y="-15.000000">
   <element name="books01" layername="book" frame="6" z_index="10" m_a="2.500000" m_b="0.000000" m_c="0.000000" m_d="2.500000" m_tx="-83.000000" m_ty="-79.000000"/>
  </frame>
  <frame idx="675" w="192" h="188" x="-19.000000" y="-15.000000">
   <element name="books01" layername="book" frame="6" z_index="10" m_a="2.500000" m_b="0.000000" m_c="0.000000" m_d="2.500000" m_tx="-83.000000" m_ty="-79.000000"/>
  </frame>
  <frame idx="700" w="192" h="188" x="-19.000000" y="-15.000000">
   <element name="books01" layername="book" frame="6" z_index="10" m_a="2.500000" m_b="0.000000" m_c="0.000000" m_d="2.500000" m_tx="-83.000000" m_ty="-79.000000"/>
  </frame>
  <frame idx="725" w="192" h="188" x="-19.000000" y="-15.000000">
   <element name="books01" layername="book" frame="6" z_index="10" m_a="2.500000" m_b="0.000000" m_c="0.000000" m_d="2.500000" m_tx="-83.000000" m_ty="-79.000000"/>
  </frame>
  <frame idx="750" w="192" h="188" x="-19.000000" y="-15.000000">
   <element name="books01" layername="book" frame="6" z_index="10" m_a="2.500000" m_b="0.000000" m_c="0.000000" m_d="2.500000" m_tx="-83.000000" m_ty="-79.000000"/>
  </frame>
  <frame idx="775" w="192" h="188" x="-19.000000" y="-15.000000">
   <element name="books01" layername="book" frame="6" z_index="10" m_a="2.500000" m_b="0.000000" m_c="0.000000" m_d="2.500000" m_tx="-83.000000" m_ty="-79.000000"/>
  </frame>
  <frame idx="800" w="192" h="188" x="-19.000000" y="-15.000000">
   <element name="books01" layername="book" frame="6" z_index="10" m_a="2.500000" m_b="0.000000" m_c="0.000000" m_d="2.500000" m_tx="-83.000000" m_ty="-79.000000"/>
  </frame>
  <frame idx="825" w="192" h="188" x="-19.000000" y="-15.000000">
   <element name="books01" layername="book" frame="6" z_index="10" m_a="2.500000" m_b="0.000000" m_c="0.000000" m_d="2.500000" m_tx="-83.000000" m_ty="-79.000000"/>
  </frame>
  <frame idx="850" w="192" h="188" x="-19.000000" y="-15.000000">
   <element name="books01" layername="book" frame="6" z_index="10" m_a="2.500000" m_b="0.000000" m_c="0.000000" m_d="2.500000" m_tx="-83.000000" m_ty="-79.000000"/>
  </frame>
  <frame idx="875" w="192" h="188" x="-19.000000" y="-15.000000">
   <element name="books01" layername="book" frame="6" z_index="10" m_a="2.500000" m_b="0.000000" m_c="0.000000" m_d="2.500000" m_tx="-83.000000" m_ty="-79.000000"/>
  </frame>
  <frame idx="900" w="192" h="188" x="-19.000000" y="-15.000000">
   <element name="books01" layername="book" frame="6" z_index="10" m_a="2.500000" m_b="0.000000" m_c="0.000000" m_d="2.500000" m_tx="-83.000000" m_ty="-79.000000"/>
  </frame>
  <frame idx="925" w="192" h="188" x="-19.000000" y="-15.000000">
   <element name="books01" layername="book" frame="6" z_index="10" m_a="2.500000" m_b="0.000000" m_c="0.000000" m_d="2.500000" m_tx="-83.000000" m_ty="-79.000000"/>
  </frame>
  <frame idx="950" w="192" h="188" x="-19.000000" y="-15.000000">
   <element name="books01" layername="book" frame="6" z_index="10" m_a="2.500000" m_b="0.000000" m_c="0.000000" m_d="2.500000" m_tx="-83.000000" m_ty="-79.000000"/>
  </frame>
  <frame idx="975" w="192" h="188" x="-19.000000" y="-15.000000">
   <element name="books01" layername="book" frame="6" z_index="10" m_a="2.500000" m_b="0.000000" m_c="0.000000" m_d="2.500000" m_tx="-83.000000" m_ty="-79.000000"/>
  </frame>
 </anim>
 <anim name="fridgeswitch" root="ayanbooks" numframes="1000" framerate="40">
  <frame idx="0" w="192" h="188" x="-21.000000" y="-17.000000">
   <element name="books01" layername="book" frame="7" z_index="10" m_a="2.500000" m_b="0.000000" m_c="0.000000" m_d="2.500000" m_tx="-85.000000" m_ty="-81.000000"/>
  </frame>
  <frame idx="25" w="192" h="188" x="-21.000000" y="-17.000000">
   <element name="books01" layername="book" frame="7" z_index="10" m_a="2.500000" m_b="0.000000" m_c="0.000000" m_d="2.500000" m_tx="-85.000000" m_ty="-81.000000"/>
  </frame>
  <frame idx="50" w="192" h="188" x="-21.000000" y="-17.000000">
   <element name="books01" layername="book" frame="7" z_index="10" m_a="2.500000" m_b="0.000000" m_c="0.000000" m_d="2.500000" m_tx="-85.000000" m_ty="-81.000000"/>
  </frame>
  <frame idx="75" w="192" h="188" x="-21.000000" y="-17.000000">
   <element name="books01" layername="book" frame="7" z_index="10" m_a="2.500000" m_b="0.000000" m_c="0.000000" m_d="2.500000" m_tx="-85.000000" m_ty="-81.000000"/>
  </frame>
  <frame idx="100" w="192" h="188" x="-21.000000" y="-17.000000">
   <element name="books01" layername="book" frame="7" z_index="10" m_a="2.500000" m_b="0.000000" m_c="0.000000" m_d="2.500000" m_tx="-85.000000" m_ty="-81.000000"/>
  </frame>
  <frame idx="125" w="192" h="188" x="-21.000000" y="-17.000000">
   <element name="books01" layername="book" frame="7" z_index="10" m_a="2.500000" m_b="0.000000" m_c="0.000000" m_d="2.500000" m_tx="-85.000000" m_ty="-81.000000"/>
  </frame>
  <frame idx="150" w="192" h="188" x="-21.000000" y="-17.000000">
   <element name="books01" layername="book" frame="7" z_index="10" m_a="2.500000" m_b="0.000000" m_c="0.000000" m_d="2.500000" m_tx="-85.000000" m_ty="-81.000000"/>
  </frame>
  <frame idx="175" w="192" h="188" x="-21.000000" y="-17.000000">
   <element name="books01" layername="book" frame="7" z_index="10" m_a="2.500000" m_b="0.000000" m_c="0.000000" m_d="2.500000" m_tx="-85.000000" m_ty="-81.000000"/>
  </frame>
  <frame idx="200" w="192" h="188" x="-21.000000" y="-17.000000">
   <element name="books01" layername="book" frame="7" z_index="10" m_a="2.500000" m_b="0.000000" m_c="0.000000" m_d="2.500000" m_tx="-85.000000" m_ty="-81.000000"/>
  </frame>
  <frame idx="225" w="192" h="188" x="-21.000000" y="-17.000000">
   <element name="books01" layername="book" frame="7" z_index="10" m_a="2.500000" m_b="0.000000" m_c="0.000000" m_d="2.500000" m_tx="-85.000000" m_ty="-81.000000"/>
  </frame>
  <frame idx="250" w="192" h="188" x="-21.000000" y="-17.000000">
   <element name="books01" layername="book" frame="7" z_index="10" m_a="2.500000" m_b="0.000000" m_c="0.000000" m_d="2.500000" m_tx="-85.000000" m_ty="-81.000000"/>
  </frame>
  <frame idx="275" w="192" h="188" x="-21.000000" y="-17.000000">
   <element name="books01" layername="book" frame="7" z_index="10" m_a="2.500000" m_b="0.000000" m_c="0.000000" m_d="2.500000" m_tx="-85.000000" m_ty="-81.000000"/>
  </frame>
  <frame idx="300" w="192" h="188" x="-21.000000" y="-17.000000">
   <element name="books01" layername="book" frame="7" z_index="10" m_a="2.500000" m_b="0.000000" m_c="0.000000" m_d="2.500000" m_tx="-85.000000" m_ty="-81.000000"/>
  </frame>
  <frame idx="325" w="192" h="188" x="-21.000000" y="-17.000000">
   <element name="books01" layername="book" frame="7" z_index="10" m_a="2.500000" m_b="0.000000" m_c="0.000000" m_d="2.500000" m_tx="-85.000000" m_ty="-81.000000"/>
  </frame>
  <frame idx="350" w="192" h="188" x="-21.000000" y="-17.000000">
   <element name="books01" layername="book" frame="7" z_index="10" m_a="2.500000" m_b="0.000000" m_c="0.000000" m_d="2.500000" m_tx="-85.000000" m_ty="-81.000000"/>
  </frame>
  <frame idx="375" w="192" h="188" x="-21.000000" y="-17.000000">
   <element name="books01" layername="book" frame="7" z_index="10" m_a="2.500000" m_b="0.000000" m_c="0.000000" m_d="2.500000" m_tx="-85.000000" m_ty="-81.000000"/>
  </frame>
  <frame idx="400" w="192" h="188" x="-21.000000" y="-17.000000">
   <element name="books01" layername="book" frame="7" z_index="10" m_a="2.500000" m_b="0.000000" m_c="0.000000" m_d="2.500000" m_tx="-85.000000" m_ty="-81.000000"/>
  </frame>
  <frame idx="425" w="192" h="188" x="-21.000000" y="-17.000000">
   <element name="books01" layername="book" frame="7" z_index="10" m_a="2.500000" m_b="0.000000" m_c="0.000000" m_d="2.500000" m_tx="-85.000000" m_ty="-81.000000"/>
  </frame>
  <frame idx="450" w="192" h="188" x="-21.000000" y="-17.000000">
   <element name="books01" layername="book" frame="7" z_index="10" m_a="2.500000" m_b="0.000000" m_c="0.000000" m_d="2.500000" m_tx="-85.000000" m_ty="-81.000000"/>
  </frame>
  <frame idx="475" w="192" h="188" x="-21.000000" y="-17.000000">
   <element name="books01" layername="book" frame="7" z_index="10" m_a="2.500000" m_b="0.000000" m_c="0.000000" m_d="2.500000" m_tx="-85.000000" m_ty="-81.000000"/>
  </frame>
  <frame idx="500" w="192" h="188" x="-21.000000" y="-17.000000">
   <element name="books01" layername="book" frame="7" z_index="10" m_a="2.500000" m_b="0.000000" m_c="0.000000" m_d="2.500000" m_tx="-85.000000" m_ty="-81.000000"/>
  </frame>
  <frame idx="525" w="192" h="188" x="-21.000000" y="-17.000000">
   <element name="books01" layername="book" frame="7" z_index="10" m_a="2.500000" m_b="0.000000" m_c="0.000000" m_d="2.500000" m_tx="-85.000000" m_ty="-81.000000"/>
  </frame>
  <frame idx="550" w="192" h="188" x="-21.000000" y="-17.000000">
   <element name="books01" layername="book" frame="7" z_index="10" m_a="2.500000" m_b="0.000000" m_c="0.000000" m_d="2.500000" m_tx="-85.000000" m_ty="-81.000000"/>
  </frame>
  <frame idx="575" w="192" h="188" x="-21.000000" y="-17.000000">
   <element name="books01" layername="book" frame="7" z_index="10" m_a="2.500000" m_b="0.000000" m_c="0.000000" m_d="2.500000" m_tx="-85.000000" m_ty="-81.000000"/>
  </frame>
  <frame idx="600" w="192" h="188" x="-21.000000" y="-17.000000">
   <element name="books01" layername="book" frame="7" z_index="10" m_a="2.500000" m_b="0.000000" m_c="0.000000" m_d="2.500000" m_tx="-85.000000" m_ty="-81.000000"/>
  </frame>
  <frame idx="625" w="192" h="188" x="-21.000000" y="-17.000000">
   <element name="books01" layername="book" frame="7" z_index="10" m_a="2.500000" m_b="0.000000" m_c="0.000000" m_d="2.500000" m_tx="-85.000000" m_ty="-81.000000"/>
  </frame>
  <frame idx="650" w="192" h="188" x="-21.000000" y="-17.000000">
   <element name="books01" layername="book" frame="7" z_index="10" m_a="2.500000" m_b="0.000000" m_c="0.000000" m_d="2.500000" m_tx="-85.000000" m_ty="-81.000000"/>
  </frame>
  <frame idx="675" w="192" h="188" x="-21.000000" y="-17.000000">
   <element name="books01" layername="book" frame="7" z_index="10" m_a="2.500000" m_b="0.000000" m_c="0.000000" m_d="2.500000" m_tx="-85.000000" m_ty="-81.000000"/>
  </frame>
  <frame idx="700" w="192" h="188" x="-21.000000" y="-17.000000">
   <element name="books01" layername="book" frame="7" z_index="10" m_a="2.500000" m_b="0.000000" m_c="0.000000" m_d="2.500000" m_tx="-85.000000" m_ty="-81.000000"/>
  </frame>
  <frame idx="725" w="192" h="188" x="-21.000000" y="-17.000000">
   <element name="books01" layername="book" frame="7" z_index="10" m_a="2.500000" m_b="0.000000" m_c="0.000000" m_d="2.500000" m_tx="-85.000000" m_ty="-81.000000"/>
  </frame>
  <frame idx="750" w="192" h="188" x="-21.000000" y="-17.000000">
   <element name="books01" layername="book" frame="7" z_index="10" m_a="2.500000" m_b="0.000000" m_c="0.000000" m_d="2.500000" m_tx="-85.000000" m_ty="-81.000000"/>
  </frame>
  <frame idx="775" w="192" h="188" x="-21.000000" y="-17.000000">
   <element name="books01" layername="book" frame="7" z_index="10" m_a="2.500000" m_b="0.000000" m_c="0.000000" m_d="2.500000" m_tx="-85.000000" m_ty="-81.000000"/>
  </frame>
  <frame idx="800" w="192" h="188" x="-21.000000" y="-17.000000">
   <element name="books01" layername="book" frame="7" z_index="10" m_a="2.500000" m_b="0.000000" m_c="0.000000" m_d="2.500000" m_tx="-85.000000" m_ty="-81.000000"/>
  </frame>
  <frame idx="825" w="192" h="188" x="-21.000000" y="-17.000000">
   <element name="books01" layername="book" frame="7" z_index="10" m_a="2.500000" m_b="0.000000" m_c="0.000000" m_d="2.500000" m_tx="-85.000000" m_ty="-81.000000"/>
  </frame>
  <frame idx="850" w="192" h="188" x="-21.000000" y="-17.000000">
   <element name="books01" layername="book" frame="7" z_index="10" m_a="2.500000" m_b="0.000000" m_c="0.000000" m_d="2.500000" m_tx="-85.000000" m_ty="-81.000000"/>
  </frame>
  <frame idx="875" w="192" h="188" x="-21.000000" y="-17.000000">
   <element name="books01" layername="book" frame="7" z_index="10" m_a="2.500000" m_b="0.000000" m_c="0.000000" m_d="2.500000" m_tx="-85.000000" m_ty="-81.000000"/>
  </frame>
  <frame idx="900" w="192" h="188" x="-21.000000" y="-17.000000">
   <element name="books01" layername="book" frame="7" z_index="10" m_a="2.500000" m_b="0.000000" m_c="0.000000" m_d="2.500000" m_tx="-85.000000" m_ty="-81.000000"/>
  </frame>
  <frame idx="925" w="192" h="188" x="-21.000000" y="-17.000000">
   <element name="books01" layername="book" frame="7" z_index="10" m_a="2.500000" m_b="0.000000" m_c="0.000000" m_d="2.500000" m_tx="-85.000000" m_ty="-81.000000"/>
  </frame>
  <frame idx="950" w="192" h="188" x="-21.000000" y="-17.000000">
   <element name="books01" layername="book" frame="7" z_index="10" m_a="2.500000" m_b="0.000000" m_c="0.000000" m_d="2.500000" m_tx="-85.000000" m_ty="-81.000000"/>
  </frame>
  <frame idx="975" w="192" h="188" x="-21.000000" y="-17.000000">
   <element name="books01" layername="book" frame="7" z_index="10" m_a="2.500000" m_b="0.000000" m_c="0.000000" m_d="2.500000" m_tx="-85.000000" m_ty="-81.000000"/>
  </frame>
 </anim>
 <anim name="fightswitch" root="ayanbooks" numframes="1000" framerate="40">
  <frame idx="0" w="192" h="195" x="-18.000000" y="-20.500000">
   <element name="books01" layername="book" frame="8" z_index="10" m_a="2.500000" m_b="0.000000" m_c="0.000000" m_d="2.500000" m_tx="-82.000000" m_ty="-84.000000"/>
  </frame>
  <frame idx="25" w="192" h="195" x="-18.000000" y="-20.500000">
   <element name="books01" layername="book" frame="8" z_index="10" m_a="2.500000" m_b="0.000000" m_c="0.000000" m_d="2.500000" m_tx="-82.000000" m_ty="-84.000000"/>
  </frame>
  <frame idx="50" w="192" h="195" x="-18.000000" y="-20.500000">
   <element name="books01" layername="book" frame="8" z_index="10" m_a="2.500000" m_b="0.000000" m_c="0.000000" m_d="2.500000" m_tx="-82.000000" m_ty="-84.000000"/>
  </frame>
  <frame idx="75" w="192" h="195" x="-18.000000" y="-20.500000">
   <element name="books01" layername="book" frame="8" z_index="10" m_a="2.500000" m_b="0.000000" m_c="0.000000" m_d="2.500000" m_tx="-82.000000" m_ty="-84.000000"/>
  </frame>
  <frame idx="100" w="192" h="195" x="-18.000000" y="-20.500000">
   <element name="books01" layername="book" frame="8" z_index="10" m_a="2.500000" m_b="0.000000" m_c="0.000000" m_d="2.500000" m_tx="-82.000000" m_ty="-84.000000"/>
  </frame>
  <frame idx="125" w="192" h="195" x="-18.000000" y="-20.500000">
   <element name="books01" layername="book" frame="8" z_index="10" m_a="2.500000" m_b="0.000000" m_c="0.000000" m_d="2.500000" m_tx="-82.000000" m_ty="-84.000000"/>
  </frame>
  <frame idx="150" w="192" h="195" x="-18.000000" y="-20.500000">
   <element name="books01" layername="book" frame="8" z_index="10" m_a="2.500000" m_b="0.000000" m_c="0.000000" m_d="2.500000" m_tx="-82.000000" m_ty="-84.000000"/>
  </frame>
  <frame idx="175" w="192" h="195" x="-18.000000" y="-20.500000">
   <element name="books01" layername="book" frame="8" z_index="10" m_a="2.500000" m_b="0.000000" m_c="0.000000" m_d="2.500000" m_tx="-82.000000" m_ty="-84.000000"/>
  </frame>
  <frame idx="200" w="192" h="195" x="-18.000000" y="-20.500000">
   <element name="books01" layername="book" frame="8" z_index="10" m_a="2.500000" m_b="0.000000" m_c="0.000000" m_d="2.500000" m_tx="-82.000000" m_ty="-84.000000"/>
  </frame>
  <frame idx="225" w="192" h="195" x="-18.000000" y="-20.500000">
   <element name="books01" layername="book" frame="8" z_index="10" m_a="2.500000" m_b="0.000000" m_c="0.000000" m_d="2.500000" m_tx="-82.000000" m_ty="-84.000000"/>
  </frame>
  <frame idx="250" w="192" h="195" x="-18.000000" y="-20.500000">
   <element name="books01" layername="book" frame="8" z_index="10" m_a="2.500000" m_b="0.000000" m_c="0.000000" m_d="2.500000" m_tx="-82.000000" m_ty="-84.000000"/>
  </frame>
  <frame idx="275" w="192" h="195" x="-18.000000" y="-20.500000">
   <element name="books01" layername="book" frame="8" z_index="10" m_a="2.500000" m_b="0.000000" m_c="0.000000" m_d="2.500000" m_tx="-82.000000" m_ty="-84.000000"/>
  </frame>
  <frame idx="300" w="192" h="195" x="-18.000000" y="-20.500000">
   <element name="books01" layername="book" frame="8" z_index="10" m_a="2.500000" m_b="0.000000" m_c="0.000000" m_d="2.500000" m_tx="-82.000000" m_ty="-84.000000"/>
  </frame>
  <frame idx="325" w="192" h="195" x="-18.000000" y="-20.500000">
   <element name="books01" layername="book" frame="8" z_index="10" m_a="2.500000" m_b="0.000000" m_c="0.000000" m_d="2.500000" m_tx="-82.000000" m_ty="-84.000000"/>
  </frame>
  <frame idx="350" w="192" h="195" x="-18.000000" y="-20.500000">
   <element name="books01" layername="book" frame="8" z_index="10" m_a="2.500000" m_b="0.000000" m_c="0.000000" m_d="2.500000" m_tx="-82.000000" m_ty="-84.000000"/>
  </frame>
  <frame idx="375" w="192" h="195" x="-18.000000" y="-20.500000">
   <element name="books01" layername="book" frame="8" z_index="10" m_a="2.500000" m_b="0.000000" m_c="0.000000" m_d="2.500000" m_tx="-82.000000" m_ty="-84.000000"/>
  </frame>
  <frame idx="400" w="192" h="195" x="-18.000000" y="-20.500000">
   <element name="books01" layername="book" frame="8" z_index="10" m_a="2.500000" m_b="0.000000" m_c="0.000000" m_d="2.500000" m_tx="-82.000000" m_ty="-84.000000"/>
  </frame>
  <frame idx="425" w="192" h="195" x="-18.000000" y="-20.500000">
   <element name="books01" layername="book" frame="8" z_index="10" m_a="2.500000" m_b="0.000000" m_c="0.000000" m_d="2.500000" m_tx="-82.000000" m_ty="-84.000000"/>
  </frame>
  <frame idx="450" w="192" h="195" x="-18.000000" y="-20.500000">
   <element name="books01" layername="book" frame="8" z_index="10" m_a="2.500000" m_b="0.000000" m_c="0.000000" m_d="2.500000" m_tx="-82.000000" m_ty="-84.000000"/>
  </frame>
  <frame idx="475" w="192" h="195" x="-18.000000" y="-20.500000">
   <element name="books01" layername="book" frame="8" z_index="10" m_a="2.500000" m_b="0.000000" m_c="0.000000" m_d="2.500000" m_tx="-82.000000" m_ty="-84.000000"/>
  </frame>
  <frame idx="500" w="192" h="195" x="-18.000000" y="-20.500000">
   <element name="books01" layername="book" frame="8" z_index="10" m_a="2.500000" m_b="0.000000" m_c="0.000000" m_d="2.500000" m_tx="-82.000000" m_ty="-84.000000"/>
  </frame>
  <frame idx="525" w="192" h="195" x="-18.000000" y="-20.500000">
   <element name="books01" layername="book" frame="8" z_index="10" m_a="2.500000" m_b="0.000000" m_c="0.000000" m_d="2.500000" m_tx="-82.000000" m_ty="-84.000000"/>
  </frame>
  <frame idx="550" w="192" h="195" x="-18.000000" y="-20.500000">
   <element name="books01" layername="book" frame="8" z_index="10" m_a="2.500000" m_b="0.000000" m_c="0.000000" m_d="2.500000" m_tx="-82.000000" m_ty="-84.000000"/>
  </frame>
  <frame idx="575" w="192" h="195" x="-18.000000" y="-20.500000">
   <element name="books01" layername="book" frame="8" z_index="10" m_a="2.500000" m_b="0.000000" m_c="0.000000" m_d="2.500000" m_tx="-82.000000" m_ty="-84.000000"/>
  </frame>
  <frame idx="600" w="192" h="195" x="-18.000000" y="-20.500000">
   <element name="books01" layername="book" frame="8" z_index="10" m_a="2.500000" m_b="0.000000" m_c="0.000000" m_d="2.500000" m_tx="-82.000000" m_ty="-84.000000"/>
  </frame>
  <frame idx="625" w="192" h="195" x="-18.000000" y="-20.500000">
   <element name="books01" layername="book" frame="8" z_index="10" m_a="2.500000" m_b="0.000000" m_c="0.000000" m_d="2.500000" m_tx="-82.000000" m_ty="-84.000000"/>
  </frame>
  <frame idx="650" w="192" h="195" x="-18.000000" y="-20.500000">
   <element name="books01" layername="book" frame="8" z_index="10" m_a="2.500000" m_b="0.000000" m_c="0.000000" m_d="2.500000" m_tx="-82.000000" m_ty="-84.000000"/>
  </frame>
  <frame idx="675" w="192" h="195" x="-18.000000" y="-20.500000">
   <element name="books01" layername="book" frame="8" z_index="10" m_a="2.500000" m_b="0.000000" m_c="0.000000" m_d="2.500000" m_tx="-82.000000" m_ty="-84.000000"/>
  </frame>
  <frame idx="700" w="192" h="195" x="-18.000000" y="-20.500000">
   <element name="books01" layername="book" frame="8" z_index="10" m_a="2.500000" m_b="0.000000" m_c="0.000000" m_d="2.500000" m_tx="-82.000000" m_ty="-84.000000"/>
  </frame>
  <frame idx="725" w="192" h="195" x="-18.000000" y="-20.500000">
   <element name="books01" layername="book" frame="8" z_index="10" m_a="2.500000" m_b="0.000000" m_c="0.000000" m_d="2.500000" m_tx="-82.000000" m_ty="-84.000000"/>
  </frame>
  <frame idx="750" w="192" h="195" x="-18.000000" y="-20.500000">
   <element name="books01" layername="book" frame="8" z_index="10" m_a="2.500000" m_b="0.000000" m_c="0.000000" m_d="2.500000" m_tx="-82.000000" m_ty="-84.000000"/>
  </frame>
  <frame idx="775" w="192" h="195" x="-18.000000" y="-20.500000">
   <element name="books01" layername="book" frame="8" z_index="10" m_a="2.500000" m_b="0.000000" m_c="0.000000" m_d="2.500000" m_tx="-82.000000" m_ty="-84.000000"/>
  </frame>
  <frame idx="800" w="192" h="195" x="-18.000000" y="-20.500000">
   <element name="books01" layername="book" frame="8" z_index="10" m_a="2.500000" m_b="0.000000" m_c="0.000000" m_d="2.500000" m_tx="-82.000000" m_ty="-84.000000"/>
  </frame>
  <frame idx="825" w="192" h="195" x="-18.000000" y="-20.500000">
   <element name="books01" layername="book" frame="8" z_index="10" m_a="2.500000" m_b="0.000000" m_c="0.000000" m_d="2.500000" m_tx="-82.000000" m_ty="-84.000000"/>
  </frame>
  <frame idx="850" w="192" h="195" x="-18.000000" y="-20.500000">
   <element name="books01" layername="book" frame="8" z_index="10" m_a="2.500000" m_b="0.000000" m_c="0.000000" m_d="2.500000" m_tx="-82.000000" m_ty="-84.000000"/>
  </frame>
  <frame idx="875" w="192" h="195" x="-18.000000" y="-20.500000">
   <element name="books01" layername="book" frame="8" z_index="10" m_a="2.500000" m_b="0.000000" m_c="0.000000" m_d="2.500000" m_tx="-82.000000" m_ty="-84.000000"/>
  </frame>
  <frame idx="900" w="192" h="195" x="-18.000000" y="-20.500000">
   <element name="books01" layername="book" frame="8" z_index="10" m_a="2.500000" m_b="0.000000" m_c="0.000000" m_d="2.500000" m_tx="-82.000000" m_ty="-84.000000"/>
  </frame>
  <frame idx="925" w="192" h="195" x="-18.000000" y="-20.500000">
   <element name="books01" layername="book" frame="8" z_index="10" m_a="2.500000" m_b="0.000000" m_c="0.000000" m_d="2.500000" m_tx="-82.000000" m_ty="-84.000000"/>
  </frame>
  <frame idx="950" w="192" h="195" x="-18.000000" y="-20.500000">
   <element name="books01" layername="book" frame="8" z_index="10" m_a="2.500000" m_b="0.000000" m_c="0.000000" m_d="2.500000" m_tx="-82.000000" m_ty="-84.000000"/>
  </frame>
  <frame idx="975" w="192" h="195" x="-18.000000" y="-20.500000">
   <element name="books01" layername="book" frame="8" z_index="10" m_a="2.500000" m_b="0.000000" m_c="0.000000" m_d="2.500000" m_tx="-82.000000" m_ty="-84.000000"/>
  </frame>
 </anim>
 <anim name="applicationform" root="ayanbooks" numframes="1000" framerate="40">
  <frame idx="0" w="192" h="211" x="-13.000000" y="-30.000000">
   <element name="books01" layername="book" frame="9" z_index="10" m_a="2.500000" m_b="0.000000" m_c="0.000000" m_d="2.500000" m_tx="-77.000000" m_ty="-92.000000"/>
  </frame>
  <frame idx="25" w="192" h="211" x="-13.000000" y="-30.000000">
   <element name="books01" layername="book" frame="9" z_index="10" m_a="2.500000" m_b="0.000000" m_c="0.000000" m_d="2.500000" m_tx="-77.000000" m_ty="-92.000000"/>
  </frame>
  <frame idx="50" w="192" h="211" x="-13.000000" y="-30.000000">
   <element name="books01" layername="book" frame="9" z_index="10" m_a="2.500000" m_b="0.000000" m_c="0.000000" m_d="2.500000" m_tx="-77.000000" m_ty="-92.000000"/>
  </frame>
  <frame idx="75" w="192" h="211" x="-13.000000" y="-30.000000">
   <element name="books01" layername="book" frame="9" z_index="10" m_a="2.500000" m_b="0.000000" m_c="0.000000" m_d="2.500000" m_tx="-77.000000" m_ty="-92.000000"/>
  </frame>
  <frame idx="100" w="192" h="211" x="-13.000000" y="-30.000000">
   <element name="books01" layername="book" frame="9" z_index="10" m_a="2.500000" m_b="0.000000" m_c="0.000000" m_d="2.500000" m_tx="-77.000000" m_ty="-92.000000"/>
  </frame>
  <frame idx="125" w="192" h="211" x="-13.000000" y="-30.000000">
   <element name="books01" layername="book" frame="9" z_index="10" m_a="2.500000" m_b="0.000000" m_c="0.000000" m_d="2.500000" m_tx="-77.000000" m_ty="-92.000000"/>
  </frame>
  <frame idx="150" w="192" h="211" x="-13.000000" y="-30.000000">
   <element name="books01" layername="book" frame="9" z_index="10" m_a="2.500000" m_b="0.000000" m_c="0.000000" m_d="2.500000" m_tx="-77.000000" m_ty="-92.000000"/>
  </frame>
  <frame idx="175" w="192" h="211" x="-13.000000" y="-30.000000">
   <element name="books01" layername="book" frame="9" z_index="10" m_a="2.500000" m_b="0.000000" m_c="0.000000" m_d="2.500000" m_tx="-77.000000" m_ty="-92.000000"/>
  </frame>
  <frame idx="200" w="192" h="211" x="-13.000000" y="-30.000000">
   <element name="books01" layername="book" frame="9" z_index="10" m_a="2.500000" m_b="0.000000" m_c="0.000000" m_d="2.500000" m_tx="-77.000000" m_ty="-92.000000"/>
  </frame>
  <frame idx="225" w="192" h="211" x="-13.000000" y="-30.000000">
   <element name="books01" layername="book" frame="9" z_index="10" m_a="2.500000" m_b="0.000000" m_c="0.000000" m_d="2.500000" m_tx="-77.000000" m_ty="-92.000000"/>
  </frame>
  <frame idx="250" w="192" h="211" x="-13.000000" y="-30.000000">
   <element name="books01" layername="book" frame="9" z_index="10" m_a="2.500000" m_b="0.000000" m_c="0.000000" m_d="2.500000" m_tx="-77.000000" m_ty="-92.000000"/>
  </frame>
  <frame idx="275" w="192" h="211" x="-13.000000" y="-30.000000">
   <element name="books01" layername="book" frame="9" z_index="10" m_a="2.500000" m_b="0.000000" m_c="0.000000" m_d="2.500000" m_tx="-77.000000" m_ty="-92.000000"/>
  </frame>
  <frame idx="300" w="192" h="211" x="-13.000000" y="-30.000000">
   <element name="books01" layername="book" frame="9" z_index="10" m_a="2.500000" m_b="0.000000" m_c="0.000000" m_d="2.500000" m_tx="-77.000000" m_ty="-92.000000"/>
  </frame>
  <frame idx="325" w="192" h="211" x="-13.000000" y="-30.000000">
   <element name="books01" layername="book" frame="9" z_index="10" m_a="2.500000" m_b="0.000000" m_c="0.000000" m_d="2.500000" m_tx="-77.000000" m_ty="-92.000000"/>
  </frame>
  <frame idx="350" w="192" h="211" x="-13.000000" y="-30.000000">
   <element name="books01" layername="book" frame="9" z_index="10" m_a="2.500000" m_b="0.000000" m_c="0.000000" m_d="2.500000" m_tx="-77.000000" m_ty="-92.000000"/>
  </frame>
  <frame idx="375" w="192" h="211" x="-13.000000" y="-30.000000">
   <element name="books01" layername="book" frame="9" z_index="10" m_a="2.500000" m_b="0.000000" m_c="0.000000" m_d="2.500000" m_tx="-77.000000" m_ty="-92.000000"/>
  </frame>
  <frame idx="400" w="192" h="211" x="-13.000000" y="-30.000000">
   <element name="books01" layername="book" frame="9" z_index="10" m_a="2.500000" m_b="0.000000" m_c="0.000000" m_d="2.500000" m_tx="-77.000000" m_ty="-92.000000"/>
  </frame>
  <frame idx="425" w="192" h="211" x="-13.000000" y="-30.000000">
   <element name="books01" layername="book" frame="9" z_index="10" m_a="2.500000" m_b="0.000000" m_c="0.000000" m_d="2.500000" m_tx="-77.000000" m_ty="-92.000000"/>
  </frame>
  <frame idx="450" w="192" h="211" x="-13.000000" y="-30.000000">
   <element name="books01" layername="book" frame="9" z_index="10" m_a="2.500000" m_b="0.000000" m_c="0.000000" m_d="2.500000" m_tx="-77.000000" m_ty="-92.000000"/>
  </frame>
  <frame idx="475" w="192" h="211" x="-13.000000" y="-30.000000">
   <element name="books01" layername="book" frame="9" z_index="10" m_a="2.500000" m_b="0.000000" m_c="0.000000" m_d="2.500000" m_tx="-77.000000" m_ty="-92.000000"/>
  </frame>
  <frame idx="500" w="192" h="211" x="-13.000000" y="-30.000000">
   <element name="books01" layername="book" frame="9" z_index="10" m_a="2.500000" m_b="0.000000" m_c="0.000000" m_d="2.500000" m_tx="-77.000000" m_ty="-92.000000"/>
  </frame>
  <frame idx="525" w="192" h="211" x="-13.000000" y="-30.000000">
   <element name="books01" layername="book" frame="9" z_index="10" m_a="2.500000" m_b="0.000000" m_c="0.000000" m_d="2.500000" m_tx="-77.000000" m_ty="-92.000000"/>
  </frame>
  <frame idx="550" w="192" h="211" x="-13.000000" y="-30.000000">
   <element name="books01" layername="book" frame="9" z_index="10" m_a="2.500000" m_b="0.000000" m_c="0.000000" m_d="2.500000" m_tx="-77.000000" m_ty="-92.000000"/>
  </frame>
  <frame idx="575" w="192" h="211" x="-13.000000" y="-30.000000">
   <element name="books01" layername="book" frame="9" z_index="10" m_a="2.500000" m_b="0.000000" m_c="0.000000" m_d="2.500000" m_tx="-77.000000" m_ty="-92.000000"/>
  </frame>
  <frame idx="600" w="192" h="211" x="-13.000000" y="-30.000000">
   <element name="books01" layername="book" frame="9" z_index="10" m_a="2.500000" m_b="0.000000" m_c="0.000000" m_d="2.500000" m_tx="-77.000000" m_ty="-92.000000"/>
  </frame>
  <frame idx="625" w="192" h="211" x="-13.000000" y="-30.000000">
   <element name="books01" layername="book" frame="9" z_index="10" m_a="2.500000" m_b="0.000000" m_c="0.000000" m_d="2.500000" m_tx="-77.000000" m_ty="-92.000000"/>
  </frame>
  <frame idx="650" w="192" h="211" x="-13.000000" y="-30.000000">
   <element name="books01" layername="book" frame="9" z_index="10" m_a="2.500000" m_b="0.000000" m_c="0.000000" m_d="2.500000" m_tx="-77.000000" m_ty="-92.000000"/>
  </frame>
  <frame idx="675" w="192" h="211" x="-13.000000" y="-30.000000">
   <element name="books01" layername="book" frame="9" z_index="10" m_a="2.500000" m_b="0.000000" m_c="0.000000" m_d="2.500000" m_tx="-77.000000" m_ty="-92.000000"/>
  </frame>
  <frame idx="700" w="192" h="211" x="-13.000000" y="-30.000000">
   <element name="books01" layername="book" frame="9" z_index="10" m_a="2.500000" m_b="0.000000" m_c="0.000000" m_d="2.500000" m_tx="-77.000000" m_ty="-92.000000"/>
  </frame>
  <frame idx="725" w="192" h="211" x="-13.000000" y="-30.000000">
   <element name="books01" layername="book" frame="9" z_index="10" m_a="2.500000" m_b="0.000000" m_c="0.000000" m_d="2.500000" m_tx="-77.000000" m_ty="-92.000000"/>
  </frame>
  <frame idx="750" w="192" h="211" x="-13.000000" y="-30.000000">
   <element name="books01" layername="book" frame="9" z_index="10" m_a="2.500000" m_b="0.000000" m_c="0.000000" m_d="2.500000" m_tx="-77.000000" m_ty="-92.000000"/>
  </frame>
  <frame idx="775" w="192" h="211" x="-13.000000" y="-30.000000">
   <element name="books01" layername="book" frame="9" z_index="10" m_a="2.500000" m_b="0.000000" m_c="0.000000" m_d="2.500000" m_tx="-77.000000" m_ty="-92.000000"/>
  </frame>
  <frame idx="800" w="192" h="211" x="-13.000000" y="-30.000000">
   <element name="books01" layername="book" frame="9" z_index="10" m_a="2.500000" m_b="0.000000" m_c="0.000000" m_d="2.500000" m_tx="-77.000000" m_ty="-92.000000"/>
  </frame>
  <frame idx="825" w="192" h="211" x="-13.000000" y="-30.000000">
   <element name="books01" layername="book" frame="9" z_index="10" m_a="2.500000" m_b="0.000000" m_c="0.000000" m_d="2.500000" m_tx="-77.000000" m_ty="-92.000000"/>
  </frame>
  <frame idx="850" w="192" h="211" x="-13.000000" y="-30.000000">
   <element name="books01" layername="book" frame="9" z_index="10" m_a="2.500000" m_b="0.000000" m_c="0.000000" m_d="2.500000" m_tx="-77.000000" m_ty="-92.000000"/>
  </frame>
  <frame idx="875" w="192" h="211" x="-13.000000" y="-30.000000">
   <element name="books01" layername="book" frame="9" z_index="10" m_a="2.500000" m_b="0.000000" m_c="0.000000" m_d="2.500000" m_tx="-77.000000" m_ty="-92.000000"/>
  </frame>
  <frame idx="900" w="192" h="211" x="-13.000000" y="-30.000000">
   <element name="books01" layername="book" frame="9" z_index="10" m_a="2.500000" m_b="0.000000" m_c="0.000000" m_d="2.500000" m_tx="-77.000000" m_ty="-92.000000"/>
  </frame>
  <frame idx="925" w="192" h="211" x="-13.000000" y="-30.000000">
   <element name="books01" layername="book" frame="9" z_index="10" m_a="2.500000" m_b="0.000000" m_c="0.000000" m_d="2.500000" m_tx="-77.000000" m_ty="-92.000000"/>
  </frame>
  <frame idx="950" w="192" h="211" x="-13.000000" y="-30.000000">
   <element name="books01" layername="book" frame="9" z_index="10" m_a="2.500000" m_b="0.000000" m_c="0.000000" m_d="2.500000" m_tx="-77.000000" m_ty="-92.000000"/>
  </frame>
  <frame idx="975" w="192" h="211" x="-13.000000" y="-30.000000">
   <element name="books01" layername="book" frame="9" z_index="10" m_a="2.500000" m_b="0.000000" m_c="0.000000" m_d="2.500000" m_tx="-77.000000" m_ty="-92.000000"/>
  </frame>
 </anim>
</Anims>
