<Anims>
 <anim name="BUILD" root="swap_ruler" numframes="975" framerate="40">
  <frame idx="0" w="470" h="645" x="-39.494022" y="-220.423203">
   <element name="swap_ruler" layername="swap_ruler" frame="0" z_index="1" m_a="1.311080" m_b="0.000000" m_c="0.000000" m_d="1.241320" m_tx="0.158340" m_ty="-35.116901"/>
  </frame>
  <frame idx="25" w="470" h="645" x="-39.494022" y="-220.423203">
   <element name="swap_ruler" layername="swap_ruler" frame="0" z_index="1" m_a="1.311080" m_b="0.000000" m_c="0.000000" m_d="1.241320" m_tx="0.158340" m_ty="-35.116901"/>
  </frame>
  <frame idx="50" w="470" h="645" x="-39.494022" y="-220.423203">
   <element name="swap_ruler" layername="swap_ruler" frame="0" z_index="1" m_a="1.311080" m_b="0.000000" m_c="0.000000" m_d="1.241320" m_tx="0.158340" m_ty="-35.116901"/>
  </frame>
  <frame idx="75" w="470" h="645" x="-39.494022" y="-220.423203">
   <element name="swap_ruler" layername="swap_ruler" frame="0" z_index="1" m_a="1.311080" m_b="0.000000" m_c="0.000000" m_d="1.241320" m_tx="0.158340" m_ty="-35.116901"/>
  </frame>
  <frame idx="100" w="470" h="645" x="-39.494022" y="-220.423203">
   <element name="swap_ruler" layername="swap_ruler" frame="0" z_index="1" m_a="1.311080" m_b="0.000000" m_c="0.000000" m_d="1.241320" m_tx="0.158340" m_ty="-35.116901"/>
  </frame>
  <frame idx="125" w="470" h="645" x="-39.494022" y="-220.423203">
   <element name="swap_ruler" layername="swap_ruler" frame="0" z_index="1" m_a="1.311080" m_b="0.000000" m_c="0.000000" m_d="1.241320" m_tx="0.158340" m_ty="-35.116901"/>
  </frame>
  <frame idx="150" w="470" h="645" x="-39.494022" y="-220.423203">
   <element name="swap_ruler" layername="swap_ruler" frame="0" z_index="1" m_a="1.311080" m_b="0.000000" m_c="0.000000" m_d="1.241320" m_tx="0.158340" m_ty="-35.116901"/>
  </frame>
  <frame idx="175" w="470" h="645" x="-39.494022" y="-220.423203">
   <element name="swap_ruler" layername="swap_ruler" frame="0" z_index="1" m_a="1.311080" m_b="0.000000" m_c="0.000000" m_d="1.241320" m_tx="0.158340" m_ty="-35.116901"/>
  </frame>
  <frame idx="200" w="470" h="645" x="-39.494022" y="-220.423203">
   <element name="swap_ruler" layername="swap_ruler" frame="0" z_index="1" m_a="1.311080" m_b="0.000000" m_c="0.000000" m_d="1.241320" m_tx="0.158340" m_ty="-35.116901"/>
  </frame>
  <frame idx="225" w="470" h="645" x="-39.494022" y="-220.423203">
   <element name="swap_ruler" layername="swap_ruler" frame="0" z_index="1" m_a="1.311080" m_b="0.000000" m_c="0.000000" m_d="1.241320" m_tx="0.158340" m_ty="-35.116901"/>
  </frame>
  <frame idx="250" w="470" h="645" x="-39.494022" y="-220.423203">
   <element name="swap_ruler" layername="swap_ruler" frame="0" z_index="1" m_a="1.311080" m_b="0.000000" m_c="0.000000" m_d="1.241320" m_tx="0.158340" m_ty="-35.116901"/>
  </frame>
  <frame idx="275" w="470" h="645" x="-39.494022" y="-220.423203">
   <element name="swap_ruler" layername="swap_ruler" frame="0" z_index="1" m_a="1.311080" m_b="0.000000" m_c="0.000000" m_d="1.241320" m_tx="0.158340" m_ty="-35.116901"/>
  </frame>
  <frame idx="300" w="470" h="645" x="-39.494022" y="-220.423203">
   <element name="swap_ruler" layername="swap_ruler" frame="0" z_index="1" m_a="1.311080" m_b="0.000000" m_c="0.000000" m_d="1.241320" m_tx="0.158340" m_ty="-35.116901"/>
  </frame>
  <frame idx="325" w="470" h="645" x="-39.494022" y="-220.423203">
   <element name="swap_ruler" layername="swap_ruler" frame="0" z_index="1" m_a="1.311080" m_b="0.000000" m_c="0.000000" m_d="1.241320" m_tx="0.158340" m_ty="-35.116901"/>
  </frame>
  <frame idx="350" w="470" h="645" x="-39.494022" y="-220.423203">
   <element name="swap_ruler" layername="swap_ruler" frame="0" z_index="1" m_a="1.311080" m_b="0.000000" m_c="0.000000" m_d="1.241320" m_tx="0.158340" m_ty="-35.116901"/>
  </frame>
  <frame idx="375" w="470" h="645" x="-39.494022" y="-220.423203">
   <element name="swap_ruler" layername="swap_ruler" frame="0" z_index="1" m_a="1.311080" m_b="0.000000" m_c="0.000000" m_d="1.241320" m_tx="0.158340" m_ty="-35.116901"/>
  </frame>
  <frame idx="400" w="470" h="645" x="-39.494022" y="-220.423203">
   <element name="swap_ruler" layername="swap_ruler" frame="0" z_index="1" m_a="1.311080" m_b="0.000000" m_c="0.000000" m_d="1.241320" m_tx="0.158340" m_ty="-35.116901"/>
  </frame>
  <frame idx="425" w="470" h="645" x="-39.494022" y="-220.423203">
   <element name="swap_ruler" layername="swap_ruler" frame="0" z_index="1" m_a="1.311080" m_b="0.000000" m_c="0.000000" m_d="1.241320" m_tx="0.158340" m_ty="-35.116901"/>
  </frame>
  <frame idx="450" w="470" h="645" x="-39.494022" y="-220.423203">
   <element name="swap_ruler" layername="swap_ruler" frame="0" z_index="1" m_a="1.311080" m_b="0.000000" m_c="0.000000" m_d="1.241320" m_tx="0.158340" m_ty="-35.116901"/>
  </frame>
  <frame idx="475" w="470" h="645" x="-39.494022" y="-220.423203">
   <element name="swap_ruler" layername="swap_ruler" frame="0" z_index="1" m_a="1.311080" m_b="0.000000" m_c="0.000000" m_d="1.241320" m_tx="0.158340" m_ty="-35.116901"/>
  </frame>
  <frame idx="500" w="470" h="645" x="-39.494022" y="-220.423203">
   <element name="swap_ruler" layername="swap_ruler" frame="0" z_index="1" m_a="1.311080" m_b="0.000000" m_c="0.000000" m_d="1.241320" m_tx="0.158340" m_ty="-35.116901"/>
  </frame>
  <frame idx="525" w="470" h="645" x="-39.494022" y="-220.423203">
   <element name="swap_ruler" layername="swap_ruler" frame="0" z_index="1" m_a="1.311080" m_b="0.000000" m_c="0.000000" m_d="1.241320" m_tx="0.158340" m_ty="-35.116901"/>
  </frame>
  <frame idx="550" w="470" h="645" x="-39.494022" y="-220.423203">
   <element name="swap_ruler" layername="swap_ruler" frame="0" z_index="1" m_a="1.311080" m_b="0.000000" m_c="0.000000" m_d="1.241320" m_tx="0.158340" m_ty="-35.116901"/>
  </frame>
  <frame idx="575" w="470" h="645" x="-39.494022" y="-220.423203">
   <element name="swap_ruler" layername="swap_ruler" frame="0" z_index="1" m_a="1.311080" m_b="0.000000" m_c="0.000000" m_d="1.241320" m_tx="0.158340" m_ty="-35.116901"/>
  </frame>
  <frame idx="600" w="470" h="645" x="-39.494022" y="-220.423203">
   <element name="swap_ruler" layername="swap_ruler" frame="0" z_index="1" m_a="1.311080" m_b="0.000000" m_c="0.000000" m_d="1.241320" m_tx="0.158340" m_ty="-35.116901"/>
  </frame>
  <frame idx="625" w="470" h="645" x="-39.494022" y="-220.423203">
   <element name="swap_ruler" layername="swap_ruler" frame="0" z_index="1" m_a="1.311080" m_b="0.000000" m_c="0.000000" m_d="1.241320" m_tx="0.158340" m_ty="-35.116901"/>
  </frame>
  <frame idx="650" w="470" h="645" x="-39.494022" y="-220.423203">
   <element name="swap_ruler" layername="swap_ruler" frame="0" z_index="1" m_a="1.311080" m_b="0.000000" m_c="0.000000" m_d="1.241320" m_tx="0.158340" m_ty="-35.116901"/>
  </frame>
  <frame idx="675" w="470" h="645" x="-39.494022" y="-220.423203">
   <element name="swap_ruler" layername="swap_ruler" frame="0" z_index="1" m_a="1.311080" m_b="0.000000" m_c="0.000000" m_d="1.241320" m_tx="0.158340" m_ty="-35.116901"/>
  </frame>
  <frame idx="700" w="470" h="645" x="-39.494022" y="-220.423203">
   <element name="swap_ruler" layername="swap_ruler" frame="0" z_index="1" m_a="1.311080" m_b="0.000000" m_c="0.000000" m_d="1.241320" m_tx="0.158340" m_ty="-35.116901"/>
  </frame>
  <frame idx="725" w="470" h="645" x="-39.494022" y="-220.423203">
   <element name="swap_ruler" layername="swap_ruler" frame="0" z_index="1" m_a="1.311080" m_b="0.000000" m_c="0.000000" m_d="1.241320" m_tx="0.158340" m_ty="-35.116901"/>
  </frame>
  <frame idx="750" w="470" h="645" x="-39.494022" y="-220.423203">
   <element name="swap_ruler" layername="swap_ruler" frame="0" z_index="1" m_a="1.311080" m_b="0.000000" m_c="0.000000" m_d="1.241320" m_tx="0.158340" m_ty="-35.116901"/>
  </frame>
  <frame idx="775" w="470" h="645" x="-39.494022" y="-220.423203">
   <element name="swap_ruler" layername="swap_ruler" frame="0" z_index="1" m_a="1.311080" m_b="0.000000" m_c="0.000000" m_d="1.241320" m_tx="0.158340" m_ty="-35.116901"/>
  </frame>
  <frame idx="800" w="470" h="645" x="-39.494022" y="-220.423203">
   <element name="swap_ruler" layername="swap_ruler" frame="0" z_index="1" m_a="1.311080" m_b="0.000000" m_c="0.000000" m_d="1.241320" m_tx="0.158340" m_ty="-35.116901"/>
  </frame>
  <frame idx="825" w="470" h="645" x="-39.494022" y="-220.423203">
   <element name="swap_ruler" layername="swap_ruler" frame="0" z_index="1" m_a="1.311080" m_b="0.000000" m_c="0.000000" m_d="1.241320" m_tx="0.158340" m_ty="-35.116901"/>
  </frame>
  <frame idx="850" w="470" h="645" x="-39.494022" y="-220.423203">
   <element name="swap_ruler" layername="swap_ruler" frame="0" z_index="1" m_a="1.311080" m_b="0.000000" m_c="0.000000" m_d="1.241320" m_tx="0.158340" m_ty="-35.116901"/>
  </frame>
  <frame idx="875" w="470" h="645" x="-39.494022" y="-220.423203">
   <element name="swap_ruler" layername="swap_ruler" frame="0" z_index="1" m_a="1.311080" m_b="0.000000" m_c="0.000000" m_d="1.241320" m_tx="0.158340" m_ty="-35.116901"/>
  </frame>
  <frame idx="900" w="470" h="645" x="-39.494022" y="-220.423203">
   <element name="swap_ruler" layername="swap_ruler" frame="0" z_index="1" m_a="1.311080" m_b="0.000000" m_c="0.000000" m_d="1.241320" m_tx="0.158340" m_ty="-35.116901"/>
  </frame>
  <frame idx="925" w="470" h="645" x="-39.494022" y="-220.423203">
   <element name="swap_ruler" layername="swap_ruler" frame="0" z_index="1" m_a="1.311080" m_b="0.000000" m_c="0.000000" m_d="1.241320" m_tx="0.158340" m_ty="-35.116901"/>
  </frame>
  <frame idx="950" w="470" h="645" x="-39.494022" y="-220.423203">
   <element name="swap_ruler" layername="swap_ruler" frame="0" z_index="1" m_a="1.311080" m_b="0.000000" m_c="0.000000" m_d="1.241320" m_tx="0.158340" m_ty="-35.116901"/>
  </frame>
 </anim>
</Anims>
