<Anims>
 <anim name="close" root="ui_chest_3x1_ice" numframes="125" framerate="40">
  <frame idx="0" w="423" h="221" x="-35.924866" y="-15.649000">
   <element name="frame" layername="frame" frame="0" z_index="2" m_a="1.000000" m_b="0.000000" m_c="0.000000" m_d="0.934753" m_tx="0.000000" m_ty="0.000000"/>
  </frame>
  <frame idx="25" w="423" h="205" x="-35.924866" y="-14.869137">
   <element name="frame" layername="frame" frame="0" z_index="2" m_a="1.000000" m_b="0.000000" m_c="0.000000" m_d="0.862577" m_tx="0.000000" m_ty="0.000000"/>
  </frame>
  <frame idx="50" w="423" h="165" x="-35.924866" y="-11.883792">
   <element name="frame" layername="frame" frame="0" z_index="2" m_a="1.000000" m_b="0.000000" m_c="0.000000" m_d="0.693838" m_tx="0.000000" m_ty="0.000000"/>
  </frame>
  <frame idx="75" w="423" h="100" x="-35.924866" y="-7.209191">
   <element name="frame" layername="frame" frame="0" z_index="2" m_a="1.000000" m_b="0.000000" m_c="0.000000" m_d="0.423215" m_tx="0.000000" m_ty="0.000000"/>
  </frame>
  <frame idx="100" w="423" h="12" x="-35.924866" y="-0.842882">
   <element name="frame" layername="frame" frame="0" z_index="2" m_a="1.000000" m_b="0.000000" m_c="0.000000" m_d="0.051514" m_tx="0.000000" m_ty="0.000000"/>
  </frame>
 </anim>
 <anim name="open" root="ui_chest_3x1_ice" numframes="200" framerate="40">
  <frame idx="0" w="423" h="18" x="-35.924866" y="-1.268419">
   <element name="frame" layername="frame" frame="0" z_index="2" m_a="1.000000" m_b="0.000000" m_c="0.000000" m_d="0.075928" m_tx="0.000000" m_ty="0.000000"/>
  </frame>
  <frame idx="25" w="430" h="61" x="-36.431648" y="-4.734005">
   <element name="frame" layername="frame" frame="0" z_index="2" m_a="1.015963" m_b="0.000000" m_c="0.000000" m_d="0.251146" m_tx="0.000000" m_ty="0.000000"/>
  </frame>
  <frame idx="50" w="446" h="156" x="-37.947506" y="-10.984362">
   <element name="frame" layername="frame" frame="0" z_index="2" m_a="1.053288" m_b="0.000000" m_c="0.000000" m_d="0.660865" m_tx="0.000000" m_ty="0.000000"/>
  </frame>
  <frame idx="75" w="455" h="243" x="-38.456787" y="-17.373117">
   <element name="frame" layername="frame" frame="0" z_index="2" m_a="1.075136" m_b="0.000000" m_c="0.000000" m_d="1.025206" m_tx="0.000000" m_ty="0.000000"/>
  </frame>
  <frame idx="100" w="440" h="241" x="-37.441250" y="-17.410896">
   <element name="frame" layername="frame" frame="0" z_index="2" m_a="1.038560" m_b="0.000000" m_c="0.000000" m_d="1.012820" m_tx="0.000000" m_ty="0.000000"/>
  </frame>
  <frame idx="125" w="431" h="238" x="-36.432205" y="-16.932896">
   <element name="frame" layername="frame" frame="0" z_index="2" m_a="1.017273" m_b="0.000000" m_c="0.000000" m_d="1.005607" m_tx="0.000000" m_ty="0.000000"/>
  </frame>
  <frame idx="150" w="425" h="237" x="-35.926968" y="-16.945629">
   <element name="frame" layername="frame" frame="0" z_index="2" m_a="1.004951" m_b="0.000000" m_c="0.000000" m_d="1.001432" m_tx="0.000000" m_ty="0.000000"/>
  </frame>
  <frame idx="175" w="423" h="237" x="-35.924866" y="-16.950741">
   <element name="frame" layername="frame" frame="0" z_index="2" m_a="1.000000" m_b="0.000000" m_c="0.000000" m_d="0.999756" m_tx="0.000000" m_ty="0.000000"/>
  </frame>
 </anim>
</Anims>
