<Anims>
 <anim name="burnt" root="ivorytower" numframes="25" framerate="40">
  <frame idx="0" w="677" h="1714" x="-54.559509" y="-592.202393">
   <element name="ivorytower" layername="burnt" frame="0" z_index="17" m_a="1.000000" m_b="0.000000" m_c="0.000000" m_d="1.000000" m_tx="-280.059509" m_ty="-937.202393"/>
  </frame>
 </anim>
 <anim name="hit" root="ivorytower" numframes="325" framerate="40">
  <frame idx="0" w="680" h="0" x="-57.000000" y="0.000000"/>
  <frame idx="25" w="684" h="1715" x="-53.317448" y="-594.994873">
   <element name="ivorytower" layername="total" frame="4" z_index="17" m_a="0.999986" m_b="-0.005298" m_c="0.005298" m_d="0.999986" m_tx="-280.899017" m_ty="-938.493958"/>
  </frame>
  <frame idx="50" w="690" h="1711" x="-55.274689" y="-595.300415">
   <element name="ivorytower" layername="total" frame="4" z_index="17" m_a="0.999939" m_b="-0.011057" m_c="0.011057" m_d="0.999939" m_tx="-285.153229" m_ty="-937.152527"/>
  </frame>
  <frame idx="75" w="698" h="1700" x="-60.727520" y="-593.646851">
   <element name="ivorytower" layername="total" frame="4" z_index="17" m_a="0.999859" m_b="-0.016815" m_c="0.016815" m_d="0.999859" m_tx="-292.393524" m_ty="-934.835938"/>
  </frame>
  <frame idx="100" w="698" h="1699" x="-61.462795" y="-593.502808">
   <element name="ivorytower" layername="total" frame="4" z_index="17" m_a="0.999847" m_b="-0.017506" m_c="0.017506" m_d="0.999847" m_tx="-293.462646" m_ty="-934.491211"/>
  </frame>
  <frame idx="125" w="692" h="1709" x="-56.151020" y="-594.773071">
   <element name="ivorytower" layername="total" frame="4" z_index="17" m_a="0.999931" m_b="-0.011748" m_c="0.011748" m_d="0.999931" m_tx="-285.864563" m_ty="-936.926453"/>
  </frame>
  <frame idx="150" w="684" h="1715" x="-53.333885" y="-595.081299">
   <element name="ivorytower" layername="total" frame="4" z_index="17" m_a="0.999982" m_b="-0.005989" m_c="0.005989" m_d="0.999982" m_tx="-281.251587" m_ty="-938.383545"/>
  </frame>
  <frame idx="175" w="678" h="1717" x="-54.019604" y="-594.453125">
   <element name="ivorytower" layername="total" frame="4" z_index="17" m_a="1.000000" m_b="-0.000230" m_c="0.000230" m_d="1.000000" m_tx="-279.632019" m_ty="-938.888184"/>
  </frame>
  <frame idx="200" w="662" h="1720" x="-55.107388" y="-592.039795">
   <element name="ivorytower" layername="total" frame="4" z_index="17" m_a="0.999909" m_b="0.013473" m_c="-0.013473" m_d="0.999909" m_tx="-275.006744" m_ty="-940.295044"/>
  </frame>
  <frame idx="225" w="645" h="1739" x="-45.848644" y="-594.042480">
   <element name="ivorytower" layername="total" frame="4" z_index="17" m_a="0.999622" m_b="0.027506" m_c="-0.027506" m_d="0.999622" m_tx="-260.319183" m_ty="-944.614441"/>
  </frame>
  <frame idx="250" w="639" h="1750" x="-39.713135" y="-595.988037">
   <element name="ivorytower" layername="total" frame="4" z_index="17" m_a="0.999459" m_b="0.032877" m_c="-0.032877" m_d="0.999459" m_tx="-252.016922" m_ty="-946.995422"/>
  </frame>
  <frame idx="275" w="651" h="1731" x="-50.033974" y="-593.055176">
   <element name="ivorytower" layername="total" frame="4" z_index="17" m_a="0.999739" m_b="0.022855" m_c="-0.022855" m_d="0.999739" m_tx="-266.307068" m_ty="-942.872803"/>
  </frame>
  <frame idx="300" w="663" h="1720" x="-55.222095" y="-592.087280">
   <element name="ivorytower" layername="total" frame="4" z_index="17" m_a="0.999918" m_b="0.012832" m_c="-0.012832" m_d="0.999918" m_tx="-275.437042" m_ty="-940.165649"/>
  </frame>
 </anim>
 <anim name="idle" root="ivorytower" numframes="25" framerate="40">
  <frame idx="0" w="677" h="1717" x="-54.129639" y="-594.388916">
   <element name="ivorytower" layername="total" frame="4" z_index="17" m_a="1.000000" m_b="0.000000" m_c="0.000000" m_d="1.000000" m_tx="-279.629639" m_ty="-938.888916"/>
  </frame>
 </anim>
 <anim name="lit" root="ivorytower" numframes="25" framerate="40">
  <frame idx="0" w="677" h="1717" x="-54.129639" y="-594.388916">
   <element name="ivorytower" layername="total" frame="4" z_index="17" m_a="1.000000" m_b="0.000000" m_c="0.000000" m_d="1.000000" m_tx="-279.629639" m_ty="-938.888916"/>
  </frame>
 </anim>
 <anim name="open" root="ivorytower" numframes="425" framerate="40">
  <frame idx="0" w="681" h="0" x="-57.000000" y="0.000000"/>
  <frame idx="25" w="686" h="1719" x="-57.869396" y="-596.122009">
   <element name="ivorytower" layername="withoutdoor" frame="1" z_index="17" m_a="1.000000" m_b="0.000000" m_c="0.000000" m_d="1.000000" m_tx="-279.629639" m_ty="-938.888916"/>
   <element name="ivorytower" layername="leftdoor" frame="3" z_index="16" m_a="0.963550" m_b="0.000000" m_c="0.000000" m_d="1.000000" m_tx="-272.090607" m_ty="-940.018799"/>
   <element name="ivorytower" layername="rightdoor" frame="2" z_index="15" m_a="1.007409" m_b="0.000000" m_c="0.000000" m_d="1.000000" m_tx="-281.650879" m_ty="-940.622009"/>
  </frame>
  <frame idx="50" w="684" h="1724" x="-60.334923" y="-595.925232">
   <element name="ivorytower" layername="withoutdoor" frame="1" z_index="17" m_a="1.000000" m_b="0.000000" m_c="0.000000" m_d="1.000000" m_tx="-279.629639" m_ty="-938.888916"/>
   <element name="ivorytower" layername="leftdoor" frame="3" z_index="16" m_a="0.882349" m_b="0.000000" m_c="0.000000" m_d="1.000000" m_tx="-252.157227" m_ty="-939.786560"/>
   <element name="ivorytower" layername="rightdoor" frame="2" z_index="15" m_a="0.906245" m_b="0.000000" m_c="0.000000" m_d="1.000000" m_tx="-248.233994" m_ty="-939.925232"/>
  </frame>
  <frame idx="75" w="688" h="1729" x="-63.800415" y="-596.054321">
   <element name="ivorytower" layername="withoutdoor" frame="1" z_index="17" m_a="1.000000" m_b="0.000000" m_c="0.000000" m_d="1.000000" m_tx="-279.629639" m_ty="-938.888916"/>
   <element name="ivorytower" layername="leftdoor" frame="3" z_index="16" m_a="0.801147" m_b="0.000000" m_c="0.000000" m_d="1.000000" m_tx="-232.223831" m_ty="-939.554321"/>
   <element name="ivorytower" layername="rightdoor" frame="2" z_index="15" m_a="0.805081" m_b="0.000000" m_c="0.000000" m_d="1.000000" m_tx="-214.817108" m_ty="-939.228516"/>
  </frame>
  <frame idx="100" w="692" h="1735" x="-67.265938" y="-596.322021">
   <element name="ivorytower" layername="withoutdoor" frame="1" z_index="17" m_a="1.000000" m_b="0.000000" m_c="0.000000" m_d="1.000000" m_tx="-279.629639" m_ty="-938.888916"/>
   <element name="ivorytower" layername="leftdoor" frame="3" z_index="16" m_a="0.719945" m_b="0.000000" m_c="0.000000" m_d="1.000000" m_tx="-212.290451" m_ty="-939.322021"/>
   <element name="ivorytower" layername="rightdoor" frame="2" z_index="15" m_a="0.703918" m_b="0.000000" m_c="0.000000" m_d="1.000000" m_tx="-181.400208" m_ty="-938.531738"/>
  </frame>
  <frame idx="125" w="695" h="1741" x="-70.231430" y="-596.589783">
   <element name="ivorytower" layername="withoutdoor" frame="1" z_index="17" m_a="1.000000" m_b="0.000000" m_c="0.000000" m_d="1.000000" m_tx="-279.629639" m_ty="-938.888916"/>
   <element name="ivorytower" layername="leftdoor" frame="3" z_index="16" m_a="0.638743" m_b="0.000000" m_c="0.000000" m_d="1.000000" m_tx="-192.357056" m_ty="-939.089783"/>
   <element name="ivorytower" layername="rightdoor" frame="2" z_index="15" m_a="0.602754" m_b="0.000000" m_c="0.000000" m_d="1.000000" m_tx="-147.983322" m_ty="-937.834961"/>
  </frame>
  <frame idx="150" w="699" h="1745" x="-73.696960" y="-596.388916">
   <element name="ivorytower" layername="withoutdoor" frame="1" z_index="17" m_a="1.000000" m_b="0.000000" m_c="0.000000" m_d="1.000000" m_tx="-279.629639" m_ty="-938.888916"/>
   <element name="ivorytower" layername="leftdoor" frame="3" z_index="16" m_a="0.557542" m_b="0.000000" m_c="0.000000" m_d="1.000000" m_tx="-172.423676" m_ty="-938.857544"/>
   <element name="ivorytower" layername="rightdoor" frame="2" z_index="15" m_a="0.501590" m_b="0.000000" m_c="0.000000" m_d="1.000000" m_tx="-114.566437" m_ty="-937.138184"/>
  </frame>
  <frame idx="175" w="701" h="1750" x="-76.106911" y="-596.822876">
   <element name="ivorytower" layername="withoutdoor" frame="1" z_index="17" m_a="1.000000" m_b="0.000000" m_c="0.000000" m_d="1.000000" m_tx="-279.693268" m_ty="-938.822876"/>
   <element name="ivorytower" layername="leftdoor" frame="3" z_index="16" m_a="0.491552" m_b="0.000000" m_c="0.000000" m_d="1.000000" m_tx="-156.224564" m_ty="-938.668762"/>
   <element name="ivorytower" layername="rightdoor" frame="2" z_index="15" m_a="0.419378" m_b="0.000000" m_c="0.000000" m_d="1.000000" m_tx="-87.409798" m_ty="-936.571960"/>
  </frame>
  <frame idx="200" w="699" h="1747" x="-74.442871" y="-596.799072">
   <element name="ivorytower" layername="withoutdoor" frame="1" z_index="17" m_a="1.000000" m_b="0.000000" m_c="0.000000" m_d="1.000000" m_tx="-280.223480" m_ty="-938.272644"/>
   <element name="ivorytower" layername="leftdoor" frame="3" z_index="16" m_a="0.537118" m_b="0.000000" m_c="0.000000" m_d="1.000000" m_tx="-167.410217" m_ty="-938.799072"/>
   <element name="ivorytower" layername="rightdoor" frame="2" z_index="15" m_a="0.476147" m_b="0.000000" m_c="0.000000" m_d="1.000000" m_tx="-106.161728" m_ty="-936.962952"/>
  </frame>
  <frame idx="225" w="696" h="1744" x="-72.545052" y="-596.408569">
   <element name="ivorytower" layername="withoutdoor" frame="1" z_index="17" m_a="1.000000" m_b="0.000000" m_c="0.000000" m_d="1.000000" m_tx="-280.590424" m_ty="-937.816406"/>
   <element name="ivorytower" layername="leftdoor" frame="3" z_index="16" m_a="0.575394" m_b="0.000000" m_c="0.000000" m_d="1.000000" m_tx="-176.806152" m_ty="-938.908569"/>
   <element name="ivorytower" layername="rightdoor" frame="2" z_index="15" m_a="0.523832" m_b="0.000000" m_c="0.000000" m_d="1.000000" m_tx="-121.913345" m_ty="-937.291382"/>
  </frame>
  <frame idx="250" w="698" h="1744" x="-73.045052" y="-596.408569">
   <element name="ivorytower" layername="withoutdoor" frame="1" z_index="17" m_a="1.000000" m_b="0.000000" m_c="0.000000" m_d="1.000000" m_tx="-280.100220" m_ty="-937.853394"/>
   <element name="ivorytower" layername="leftdoor" frame="3" z_index="16" m_a="0.575394" m_b="0.000000" m_c="0.000000" m_d="1.000000" m_tx="-176.806152" m_ty="-938.908569"/>
   <element name="ivorytower" layername="rightdoor" frame="2" z_index="15" m_a="0.523832" m_b="0.000000" m_c="0.000000" m_d="1.000000" m_tx="-121.913345" m_ty="-937.291382"/>
  </frame>
  <frame idx="275" w="698" h="1744" x="-72.946716" y="-596.416260">
   <element name="ivorytower" layername="withoutdoor" frame="1" z_index="17" m_a="1.000000" m_b="0.000000" m_c="0.000000" m_d="1.000000" m_tx="-279.616730" m_ty="-937.908264"/>
   <element name="ivorytower" layername="leftdoor" frame="3" z_index="17" m_a="0.578087" m_b="0.000000" m_c="0.000000" m_d="1.000000" m_tx="-177.467194" m_ty="-938.916260"/>
   <element name="ivorytower" layername="rightdoor" frame="2" z_index="17" m_a="0.527187" m_b="0.000000" m_c="0.000000" m_d="1.000000" m_tx="-123.021523" m_ty="-937.314514"/>
  </frame>
  <frame idx="300" w="695" h="1739" x="-69.988129" y="-596.108826">
   <element name="ivorytower" layername="withoutdoor" frame="1" z_index="17" m_a="1.000000" m_b="0.000000" m_c="0.000000" m_d="1.000000" m_tx="-279.294159" m_ty="-938.392151"/>
   <element name="ivorytower" layername="leftdoor" frame="3" z_index="17" m_a="0.645408" m_b="0.000000" m_c="0.000000" m_d="1.000000" m_tx="-193.993073" m_ty="-939.108826"/>
   <element name="ivorytower" layername="rightdoor" frame="2" z_index="17" m_a="0.611057" m_b="0.000000" m_c="0.000000" m_d="1.000000" m_tx="-150.725983" m_ty="-937.892151"/>
  </frame>
  <frame idx="325" w="693" h="1735" x="-67.529533" y="-596.301392">
   <element name="ivorytower" layername="withoutdoor" frame="1" z_index="17" m_a="1.000000" m_b="0.000000" m_c="0.000000" m_d="1.000000" m_tx="-278.971588" m_ty="-938.876038"/>
   <element name="ivorytower" layername="leftdoor" frame="3" z_index="17" m_a="0.712728" m_b="0.000000" m_c="0.000000" m_d="1.000000" m_tx="-210.518951" m_ty="-939.301392"/>
   <element name="ivorytower" layername="rightdoor" frame="2" z_index="17" m_a="0.694928" m_b="0.000000" m_c="0.000000" m_d="1.000000" m_tx="-178.430435" m_ty="-938.469788"/>
  </frame>
  <frame idx="350" w="690" h="1730" x="-64.570953" y="-595.993958">
   <element name="ivorytower" layername="withoutdoor" frame="1" z_index="17" m_a="1.000000" m_b="0.000000" m_c="0.000000" m_d="1.000000" m_tx="-278.648987" m_ty="-939.359863"/>
   <element name="ivorytower" layername="leftdoor" frame="3" z_index="17" m_a="0.780049" m_b="0.000000" m_c="0.000000" m_d="1.000000" m_tx="-227.044846" m_ty="-939.493958"/>
   <element name="ivorytower" layername="rightdoor" frame="2" z_index="17" m_a="0.778798" m_b="0.000000" m_c="0.000000" m_d="1.000000" m_tx="-206.134888" m_ty="-939.047485"/>
  </frame>
  <frame idx="375" w="688" h="1726" x="-62.112377" y="-595.843750">
   <element name="ivorytower" layername="withoutdoor" frame="1" z_index="17" m_a="1.000000" m_b="0.000000" m_c="0.000000" m_d="1.000000" m_tx="-278.326416" m_ty="-939.843750"/>
   <element name="ivorytower" layername="leftdoor" frame="3" z_index="17" m_a="0.847370" m_b="0.000000" m_c="0.000000" m_d="1.000000" m_tx="-243.570724" m_ty="-939.686523"/>
   <element name="ivorytower" layername="rightdoor" frame="2" z_index="17" m_a="0.862668" m_b="0.000000" m_c="0.000000" m_d="1.000000" m_tx="-233.839340" m_ty="-939.625122"/>
  </frame>
  <frame idx="400" w="686" h="1721" x="-59.653797" y="-595.827637">
   <element name="ivorytower" layername="withoutdoor" frame="1" z_index="17" m_a="1.000000" m_b="0.000000" m_c="0.000000" m_d="1.000000" m_tx="-278.003845" m_ty="-940.327637"/>
   <element name="ivorytower" layername="leftdoor" frame="3" z_index="17" m_a="0.914691" m_b="0.000000" m_c="0.000000" m_d="1.000000" m_tx="-260.096619" m_ty="-939.879028"/>
   <element name="ivorytower" layername="rightdoor" frame="2" z_index="17" m_a="0.946538" m_b="0.000000" m_c="0.000000" m_d="1.000000" m_tx="-261.543793" m_ty="-940.202759"/>
  </frame>
 </anim>
 <anim name="place" root="ivorytower" numframes="750" framerate="40">
  <frame idx="0" w="689" h="1778" x="-63.349834" y="-648.833618">
   <element name="ivorytower" layername="plac" frame="5" z_index="17" m_a="0.999981" m_b="-0.006166" m_c="0.006166" m_d="0.999981" m_tx="-290.853668" m_ty="-986.585388"/>
   <element name="ivorytower" layername="leftdoor" frame="3" z_index="13" m_a="1.000000" m_b="0.000000" m_c="0.000000" m_d="1.000000" m_tx="-279.487183" m_ty="-938.461548"/>
   <element name="ivorytower" layername="rightdoor" frame="2" z_index="12" m_a="1.000000" m_b="0.000000" m_c="0.000000" m_d="1.000000" m_tx="-278.205139" m_ty="-938.461548"/>
  </frame>
  <frame idx="25" w="688" h="1769" x="-62.361034" y="-640.911987">
   <element name="ivorytower" layername="plac" frame="5" z_index="17" m_a="0.999981" m_b="-0.006166" m_c="0.006166" m_d="0.999981" m_tx="-289.864868" m_ty="-979.663818"/>
   <element name="ivorytower" layername="leftdoor" frame="3" z_index="13" m_a="1.000000" m_b="0.000000" m_c="0.000000" m_d="1.000000" m_tx="-279.487183" m_ty="-938.461548"/>
   <element name="ivorytower" layername="rightdoor" frame="2" z_index="12" m_a="1.000000" m_b="0.000000" m_c="0.000000" m_d="1.000000" m_tx="-278.205139" m_ty="-938.461548"/>
  </frame>
  <frame idx="50" w="687" h="1761" x="-61.372234" y="-633.490479">
   <element name="ivorytower" layername="plac" frame="5" z_index="17" m_a="0.999981" m_b="-0.006166" m_c="0.006166" m_d="0.999981" m_tx="-288.876068" m_ty="-972.742249"/>
   <element name="ivorytower" layername="leftdoor" frame="3" z_index="13" m_a="1.000000" m_b="0.000000" m_c="0.000000" m_d="1.000000" m_tx="-279.487183" m_ty="-938.461548"/>
   <element name="ivorytower" layername="rightdoor" frame="2" z_index="12" m_a="1.000000" m_b="0.000000" m_c="0.000000" m_d="1.000000" m_tx="-278.205139" m_ty="-938.461548"/>
  </frame>
  <frame idx="75" w="686" h="1753" x="-60.383465" y="-626.068848">
   <element name="ivorytower" layername="plac" frame="5" z_index="17" m_a="0.999981" m_b="-0.006166" m_c="0.006166" m_d="0.999981" m_tx="-287.887299" m_ty="-965.820679"/>
   <element name="ivorytower" layername="leftdoor" frame="3" z_index="13" m_a="1.000000" m_b="0.000000" m_c="0.000000" m_d="1.000000" m_tx="-279.487183" m_ty="-938.461548"/>
   <element name="ivorytower" layername="rightdoor" frame="2" z_index="12" m_a="1.000000" m_b="0.000000" m_c="0.000000" m_d="1.000000" m_tx="-278.205139" m_ty="-938.461548"/>
  </frame>
  <frame idx="100" w="686" h="1744" x="-59.394665" y="-618.147339">
   <element name="ivorytower" layername="plac" frame="5" z_index="17" m_a="0.999981" m_b="-0.006166" m_c="0.006166" m_d="0.999981" m_tx="-286.898499" m_ty="-958.899170"/>
   <element name="ivorytower" layername="leftdoor" frame="3" z_index="13" m_a="1.000000" m_b="0.000000" m_c="0.000000" m_d="1.000000" m_tx="-279.487183" m_ty="-938.461548"/>
   <element name="ivorytower" layername="rightdoor" frame="2" z_index="12" m_a="1.000000" m_b="0.000000" m_c="0.000000" m_d="1.000000" m_tx="-278.205139" m_ty="-938.461548"/>
  </frame>
  <frame idx="125" w="686" h="1736" x="-58.405865" y="-610.725830">
   <element name="ivorytower" layername="plac" frame="5" z_index="17" m_a="0.999981" m_b="-0.006166" m_c="0.006166" m_d="0.999981" m_tx="-285.909698" m_ty="-951.977600"/>
   <element name="ivorytower" layername="leftdoor" frame="3" z_index="13" m_a="1.000000" m_b="0.000000" m_c="0.000000" m_d="1.000000" m_tx="-279.487183" m_ty="-938.461548"/>
   <element name="ivorytower" layername="rightdoor" frame="2" z_index="12" m_a="1.000000" m_b="0.000000" m_c="0.000000" m_d="1.000000" m_tx="-278.205139" m_ty="-938.461548"/>
  </frame>
  <frame idx="150" w="686" h="1727" x="-57.417065" y="-602.804199">
   <element name="ivorytower" layername="plac" frame="5" z_index="17" m_a="0.999981" m_b="-0.006166" m_c="0.006166" m_d="0.999981" m_tx="-284.920898" m_ty="-945.056030"/>
   <element name="ivorytower" layername="leftdoor" frame="3" z_index="13" m_a="1.000000" m_b="0.000000" m_c="0.000000" m_d="1.000000" m_tx="-279.487183" m_ty="-938.461548"/>
   <element name="ivorytower" layername="rightdoor" frame="2" z_index="12" m_a="1.000000" m_b="0.000000" m_c="0.000000" m_d="1.000000" m_tx="-278.205139" m_ty="-938.461548"/>
  </frame>
  <frame idx="175" w="686" h="1719" x="-56.428265" y="-595.382690">
   <element name="ivorytower" layername="plac" frame="5" z_index="17" m_a="0.999981" m_b="-0.006166" m_c="0.006166" m_d="0.999981" m_tx="-283.932098" m_ty="-938.134460"/>
   <element name="ivorytower" layername="leftdoor" frame="3" z_index="13" m_a="1.000000" m_b="0.000000" m_c="0.000000" m_d="1.000000" m_tx="-279.487183" m_ty="-938.461548"/>
   <element name="ivorytower" layername="rightdoor" frame="2" z_index="12" m_a="1.000000" m_b="0.000000" m_c="0.000000" m_d="1.000000" m_tx="-278.205139" m_ty="-938.461548"/>
  </frame>
  <frame idx="200" w="684" h="1718" x="-55.433701" y="-593.961548">
   <element name="ivorytower" layername="plac" frame="5" z_index="17" m_a="0.999983" m_b="-0.005885" m_c="0.005885" m_d="0.999983" m_tx="-283.300568" m_ty="-935.616455"/>
   <element name="ivorytower" layername="leftdoor" frame="3" z_index="13" m_a="1.000000" m_b="0.000000" m_c="0.000000" m_d="1.000000" m_tx="-279.487183" m_ty="-938.461548"/>
   <element name="ivorytower" layername="rightdoor" frame="2" z_index="12" m_a="1.000000" m_b="0.000000" m_c="0.000000" m_d="1.000000" m_tx="-278.205139" m_ty="-938.461548"/>
  </frame>
  <frame idx="225" w="684" h="1718" x="-55.268604" y="-593.961548">
   <element name="ivorytower" layername="plac" frame="5" z_index="17" m_a="0.999985" m_b="-0.005415" m_c="0.005415" m_d="0.999985" m_tx="-282.907166" m_ty="-936.034119"/>
   <element name="ivorytower" layername="leftdoor" frame="3" z_index="13" m_a="1.000000" m_b="0.000000" m_c="0.000000" m_d="1.000000" m_tx="-279.487183" m_ty="-938.461548"/>
   <element name="ivorytower" layername="rightdoor" frame="2" z_index="12" m_a="1.000000" m_b="0.000000" m_c="0.000000" m_d="1.000000" m_tx="-278.205139" m_ty="-938.461548"/>
  </frame>
  <frame idx="250" w="683" h="1743" x="-55.000607" y="-616.787231">
   <element name="ivorytower" layername="plac" frame="5" z_index="17" m_a="0.999989" m_b="-0.004653" m_c="0.004653" m_d="0.999989" m_tx="-282.268158" m_ty="-936.712585"/>
   <element name="ivorytower" layername="place2" frame="6" z_index="16" m_a="1.000000" m_b="0.000000" m_c="0.000000" m_d="1.000000" m_tx="-279.634125" m_ty="-959.287231"/>
   <element name="ivorytower" layername="leftdoor" frame="3" z_index="13" m_a="1.000000" m_b="0.000000" m_c="0.000000" m_d="1.000000" m_tx="-279.487183" m_ty="-938.461548"/>
   <element name="ivorytower" layername="rightdoor" frame="2" z_index="12" m_a="1.000000" m_b="0.000000" m_c="0.000000" m_d="1.000000" m_tx="-278.205139" m_ty="-938.461548"/>
  </frame>
  <frame idx="275" w="682" h="1718" x="-54.651920" y="-594.350708">
   <element name="ivorytower" layername="plac" frame="5" z_index="17" m_a="0.999993" m_b="-0.003660" m_c="0.003660" m_d="0.999993" m_tx="-281.436188" m_ty="-937.595886"/>
   <element name="ivorytower" layername="place2" frame="6" z_index="16" m_a="1.000000" m_b="0.000000" m_c="0.000000" m_d="1.000000" m_tx="-278.109741" m_ty="-938.850708"/>
   <element name="ivorytower" layername="leftdoor" frame="3" z_index="13" m_a="1.000000" m_b="0.000000" m_c="0.000000" m_d="1.000000" m_tx="-279.487183" m_ty="-938.461548"/>
   <element name="ivorytower" layername="rightdoor" frame="2" z_index="12" m_a="1.000000" m_b="0.000000" m_c="0.000000" m_d="1.000000" m_tx="-278.205139" m_ty="-938.461548"/>
  </frame>
  <frame idx="300" w="682" h="1718" x="-54.638000" y="-594.155396">
   <element name="ivorytower" layername="plac" frame="5" z_index="17" m_a="0.999993" m_b="-0.003620" m_c="0.003620" m_d="0.999993" m_tx="-281.402924" m_ty="-937.631226"/>
   <element name="ivorytower" layername="place2" frame="6" z_index="16" m_a="1.000000" m_b="0.000000" m_c="0.000000" m_d="1.000000" m_tx="-278.048767" m_ty="-938.033264"/>
   <element name="ivorytower" layername="leftdoor" frame="3" z_index="13" m_a="1.000000" m_b="0.000000" m_c="0.000000" m_d="1.000000" m_tx="-279.487183" m_ty="-938.461548"/>
   <element name="ivorytower" layername="rightdoor" frame="2" z_index="12" m_a="1.000000" m_b="0.000000" m_c="0.000000" m_d="1.000000" m_tx="-278.205139" m_ty="-938.461548"/>
  </frame>
  <frame idx="325" w="682" h="1741" x="-54.638000" y="-615.223572">
   <element name="ivorytower" layername="plac" frame="5" z_index="17" m_a="0.999993" m_b="-0.003620" m_c="0.003620" m_d="0.999993" m_tx="-281.402924" m_ty="-937.631226"/>
   <element name="ivorytower" layername="place2" frame="6" z_index="16" m_a="1.000000" m_b="0.000000" m_c="0.000000" m_d="1.000000" m_tx="-278.048767" m_ty="-938.033264"/>
   <element name="ivorytower" layername="place3" frame="7" z_index="15" m_a="1.000000" m_b="0.000000" m_c="0.000000" m_d="1.000000" m_tx="-278.048767" m_ty="-957.723572"/>
   <element name="ivorytower" layername="leftdoor" frame="3" z_index="13" m_a="1.000000" m_b="0.000000" m_c="0.000000" m_d="1.000000" m_tx="-279.487183" m_ty="-938.461548"/>
   <element name="ivorytower" layername="rightdoor" frame="2" z_index="12" m_a="1.000000" m_b="0.000000" m_c="0.000000" m_d="1.000000" m_tx="-278.205139" m_ty="-938.461548"/>
  </frame>
  <frame idx="350" w="682" h="1718" x="-54.638000" y="-594.155396">
   <element name="ivorytower" layername="plac" frame="5" z_index="17" m_a="0.999993" m_b="-0.003620" m_c="0.003620" m_d="0.999993" m_tx="-281.402924" m_ty="-937.631226"/>
   <element name="ivorytower" layername="place2" frame="6" z_index="16" m_a="1.000000" m_b="0.000000" m_c="0.000000" m_d="1.000000" m_tx="-278.048767" m_ty="-938.033264"/>
   <element name="ivorytower" layername="place3" frame="7" z_index="15" m_a="1.000000" m_b="0.000000" m_c="0.000000" m_d="1.000000" m_tx="-278.048767" m_ty="-936.585388"/>
   <element name="ivorytower" layername="leftdoor" frame="3" z_index="13" m_a="1.000000" m_b="0.000000" m_c="0.000000" m_d="1.000000" m_tx="-279.487183" m_ty="-938.461548"/>
   <element name="ivorytower" layername="rightdoor" frame="2" z_index="12" m_a="1.000000" m_b="0.000000" m_c="0.000000" m_d="1.000000" m_tx="-278.205139" m_ty="-938.461548"/>
  </frame>
  <frame idx="375" w="682" h="1718" x="-54.638000" y="-594.155396">
   <element name="ivorytower" layername="plac" frame="5" z_index="17" m_a="0.999993" m_b="-0.003620" m_c="0.003620" m_d="0.999993" m_tx="-281.402924" m_ty="-937.631226"/>
   <element name="ivorytower" layername="place2" frame="6" z_index="16" m_a="1.000000" m_b="0.000000" m_c="0.000000" m_d="1.000000" m_tx="-278.048767" m_ty="-938.033264"/>
   <element name="ivorytower" layername="place3" frame="7" z_index="15" m_a="1.000000" m_b="0.000000" m_c="0.000000" m_d="1.000000" m_tx="-278.048767" m_ty="-936.585388"/>
   <element name="ivorytower" layername="leftdoor" frame="3" z_index="13" m_a="1.000000" m_b="0.000000" m_c="0.000000" m_d="1.000000" m_tx="-279.487183" m_ty="-938.461548"/>
   <element name="ivorytower" layername="rightdoor" frame="2" z_index="12" m_a="1.000000" m_b="0.000000" m_c="0.000000" m_d="1.000000" m_tx="-278.205139" m_ty="-938.461548"/>
  </frame>
  <frame idx="400" w="682" h="1718" x="-54.638000" y="-594.155396">
   <element name="ivorytower" layername="plac" frame="5" z_index="17" m_a="0.999993" m_b="-0.003620" m_c="0.003620" m_d="0.999993" m_tx="-281.402924" m_ty="-937.631226"/>
   <element name="ivorytower" layername="place2" frame="6" z_index="16" m_a="1.000000" m_b="0.000000" m_c="0.000000" m_d="1.000000" m_tx="-278.048767" m_ty="-938.033264"/>
   <element name="ivorytower" layername="place3" frame="7" z_index="15" m_a="1.000000" m_b="0.000000" m_c="0.000000" m_d="1.000000" m_tx="-278.048767" m_ty="-936.585388"/>
   <element name="ivorytower" layername="leftdoor" frame="3" z_index="13" m_a="1.000000" m_b="0.000000" m_c="0.000000" m_d="1.000000" m_tx="-279.487183" m_ty="-938.461548"/>
   <element name="ivorytower" layername="rightdoor" frame="2" z_index="12" m_a="1.000000" m_b="0.000000" m_c="0.000000" m_d="1.000000" m_tx="-278.205139" m_ty="-938.461548"/>
  </frame>
  <frame idx="425" w="682" h="1718" x="-54.638000" y="-594.155396">
   <element name="ivorytower" layername="plac" frame="5" z_index="17" m_a="0.999993" m_b="-0.003620" m_c="0.003620" m_d="0.999993" m_tx="-281.402924" m_ty="-937.631226"/>
   <element name="ivorytower" layername="place2" frame="6" z_index="16" m_a="1.000000" m_b="0.000000" m_c="0.000000" m_d="1.000000" m_tx="-278.048767" m_ty="-938.033264"/>
   <element name="ivorytower" layername="place3" frame="7" z_index="15" m_a="1.000000" m_b="0.000000" m_c="0.000000" m_d="1.000000" m_tx="-278.048767" m_ty="-936.585388"/>
   <element name="ivorytower" layername="leftdoor" frame="3" z_index="13" m_a="1.000000" m_b="0.000000" m_c="0.000000" m_d="1.000000" m_tx="-279.487183" m_ty="-938.461548"/>
   <element name="ivorytower" layername="rightdoor" frame="2" z_index="12" m_a="1.000000" m_b="0.000000" m_c="0.000000" m_d="1.000000" m_tx="-278.205139" m_ty="-938.461548"/>
  </frame>
  <frame idx="450" w="682" h="1735" x="-54.638000" y="-609.256287">
   <element name="ivorytower" layername="plac" frame="5" z_index="17" m_a="0.999993" m_b="-0.003620" m_c="0.003620" m_d="0.999993" m_tx="-281.402924" m_ty="-937.631226"/>
   <element name="ivorytower" layername="place2" frame="6" z_index="16" m_a="1.000000" m_b="0.000000" m_c="0.000000" m_d="1.000000" m_tx="-278.048767" m_ty="-938.033264"/>
   <element name="ivorytower" layername="place3" frame="7" z_index="15" m_a="1.000000" m_b="0.000000" m_c="0.000000" m_d="1.000000" m_tx="-278.048767" m_ty="-936.585388"/>
   <element name="ivorytower" layername="place4" frame="8" z_index="14" m_a="1.000000" m_b="0.000000" m_c="0.000000" m_d="1.000000" m_tx="-278.524353" m_ty="-952.256287"/>
   <element name="ivorytower" layername="leftdoor" frame="3" z_index="13" m_a="1.000000" m_b="0.000000" m_c="0.000000" m_d="1.000000" m_tx="-279.487183" m_ty="-938.461548"/>
   <element name="ivorytower" layername="rightdoor" frame="2" z_index="12" m_a="1.000000" m_b="0.000000" m_c="0.000000" m_d="1.000000" m_tx="-278.205139" m_ty="-938.461548"/>
  </frame>
  <frame idx="475" w="682" h="1723" x="-54.862762" y="-598.149597">
   <element name="ivorytower" layername="plac" frame="5" z_index="17" m_a="0.999993" m_b="-0.003620" m_c="0.003620" m_d="0.999993" m_tx="-281.402924" m_ty="-937.631226"/>
   <element name="ivorytower" layername="place2" frame="6" z_index="16" m_a="1.000000" m_b="0.000000" m_c="0.000000" m_d="1.000000" m_tx="-278.048767" m_ty="-938.033264"/>
   <element name="ivorytower" layername="place3" frame="7" z_index="15" m_a="1.000000" m_b="0.000000" m_c="0.000000" m_d="1.000000" m_tx="-278.048767" m_ty="-936.585388"/>
   <element name="ivorytower" layername="place4" frame="8" z_index="14" m_a="1.000000" m_b="0.000000" m_c="0.000000" m_d="1.000000" m_tx="-279.862762" m_ty="-942.149597"/>
   <element name="ivorytower" layername="leftdoor" frame="3" z_index="13" m_a="1.000000" m_b="0.000000" m_c="0.000000" m_d="1.000000" m_tx="-279.487183" m_ty="-938.461548"/>
   <element name="ivorytower" layername="rightdoor" frame="2" z_index="12" m_a="1.000000" m_b="0.000000" m_c="0.000000" m_d="1.000000" m_tx="-278.205139" m_ty="-938.461548"/>
  </frame>
  <frame idx="500" w="710" h="1723" x="-79.625229" y="-598.149597">
   <element name="ivorytower" layername="plac" frame="5" z_index="17" m_a="0.999993" m_b="-0.003620" m_c="0.003620" m_d="0.999993" m_tx="-281.402924" m_ty="-937.631226"/>
   <element name="ivorytower" layername="place2" frame="6" z_index="16" m_a="1.000000" m_b="0.000000" m_c="0.000000" m_d="1.000000" m_tx="-278.048767" m_ty="-938.033264"/>
   <element name="ivorytower" layername="place3" frame="7" z_index="15" m_a="1.000000" m_b="0.000000" m_c="0.000000" m_d="1.000000" m_tx="-278.048767" m_ty="-936.585388"/>
   <element name="ivorytower" layername="place4" frame="8" z_index="14" m_a="1.000000" m_b="0.000000" m_c="0.000000" m_d="1.000000" m_tx="-279.862762" m_ty="-942.149597"/>
   <element name="ivorytower" layername="leftdoor" frame="3" z_index="13" m_a="0.431348" m_b="0.000000" m_c="0.000000" m_d="1.000000" m_tx="-141.765442" m_ty="-939.550903"/>
   <element name="ivorytower" layername="leftdoor" frame="3" z_index="13" m_a="1.000000" m_b="0.000000" m_c="0.000000" m_d="1.000000" m_tx="-279.487183" m_ty="-938.461548"/>
   <element name="ivorytower" layername="rightdoor" frame="2" z_index="12" m_a="1.000000" m_b="0.000000" m_c="0.000000" m_d="1.000000" m_tx="-278.205139" m_ty="-938.461548"/>
  </frame>
  <frame idx="525" w="699" h="1723" x="-70.002197" y="-598.149597">
   <element name="ivorytower" layername="plac" frame="5" z_index="17" m_a="0.999993" m_b="-0.003620" m_c="0.003620" m_d="0.999993" m_tx="-281.402924" m_ty="-937.631226"/>
   <element name="ivorytower" layername="place2" frame="6" z_index="16" m_a="1.000000" m_b="0.000000" m_c="0.000000" m_d="1.000000" m_tx="-278.048767" m_ty="-938.033264"/>
   <element name="ivorytower" layername="place3" frame="7" z_index="15" m_a="1.000000" m_b="0.000000" m_c="0.000000" m_d="1.000000" m_tx="-278.048767" m_ty="-936.585388"/>
   <element name="ivorytower" layername="place4" frame="8" z_index="14" m_a="1.000000" m_b="0.000000" m_c="0.000000" m_d="1.000000" m_tx="-279.862762" m_ty="-942.149597"/>
   <element name="ivorytower" layername="leftdoor" frame="3" z_index="13" m_a="0.627510" m_b="0.000000" m_c="0.000000" m_d="1.000000" m_tx="-188.459885" m_ty="-938.426636"/>
   <element name="ivorytower" layername="leftdoor" frame="3" z_index="13" m_a="1.000000" m_b="0.000000" m_c="0.000000" m_d="1.000000" m_tx="-279.487183" m_ty="-938.461548"/>
   <element name="ivorytower" layername="rightdoor" frame="2" z_index="12" m_a="1.000000" m_b="0.000000" m_c="0.000000" m_d="1.000000" m_tx="-278.205139" m_ty="-938.461548"/>
  </frame>
  <frame idx="550" w="695" h="1723" x="-66.856682" y="-598.149597">
   <element name="ivorytower" layername="plac" frame="5" z_index="17" m_a="0.999993" m_b="-0.003620" m_c="0.003620" m_d="0.999993" m_tx="-281.402924" m_ty="-937.631226"/>
   <element name="ivorytower" layername="place2" frame="6" z_index="16" m_a="1.000000" m_b="0.000000" m_c="0.000000" m_d="1.000000" m_tx="-278.048767" m_ty="-938.033264"/>
   <element name="ivorytower" layername="place3" frame="7" z_index="15" m_a="1.000000" m_b="0.000000" m_c="0.000000" m_d="1.000000" m_tx="-278.048767" m_ty="-936.585388"/>
   <element name="ivorytower" layername="place4" frame="8" z_index="14" m_a="1.000000" m_b="0.000000" m_c="0.000000" m_d="1.000000" m_tx="-279.862762" m_ty="-942.149597"/>
   <element name="ivorytower" layername="leftdoor" frame="3" z_index="13" m_a="0.684857" m_b="0.000000" m_c="0.000000" m_d="1.000000" m_tx="-201.986359" m_ty="-938.012451"/>
   <element name="ivorytower" layername="leftdoor" frame="3" z_index="13" m_a="1.000000" m_b="0.000000" m_c="0.000000" m_d="1.000000" m_tx="-279.487183" m_ty="-938.461548"/>
   <element name="ivorytower" layername="rightdoor" frame="2" z_index="12" m_a="1.000000" m_b="0.000000" m_c="0.000000" m_d="1.000000" m_tx="-278.205139" m_ty="-938.461548"/>
  </frame>
  <frame idx="575" w="696" h="1723" x="-67.554993" y="-598.149597">
   <element name="ivorytower" layername="plac" frame="5" z_index="17" m_a="0.999993" m_b="-0.003620" m_c="0.003620" m_d="0.999993" m_tx="-281.402924" m_ty="-937.631226"/>
   <element name="ivorytower" layername="place2" frame="6" z_index="16" m_a="1.000000" m_b="0.000000" m_c="0.000000" m_d="1.000000" m_tx="-278.048767" m_ty="-938.033264"/>
   <element name="ivorytower" layername="place3" frame="7" z_index="15" m_a="1.000000" m_b="0.000000" m_c="0.000000" m_d="1.000000" m_tx="-278.048767" m_ty="-936.585388"/>
   <element name="ivorytower" layername="place4" frame="8" z_index="14" m_a="1.000000" m_b="0.000000" m_c="0.000000" m_d="1.000000" m_tx="-279.862762" m_ty="-942.149597"/>
   <element name="ivorytower" layername="leftdoor" frame="3" z_index="13" m_a="1.000000" m_b="0.000000" m_c="0.000000" m_d="1.000000" m_tx="-279.446960" m_ty="-938.558350"/>
   <element name="ivorytower" layername="leftdoor" frame="3" z_index="17" m_a="0.668065" m_b="0.000000" m_c="0.000000" m_d="1.000000" m_tx="-197.949341" m_ty="-938.081360"/>
   <element name="ivorytower" layername="leftdoor" frame="3" z_index="13" m_a="1.000000" m_b="0.000000" m_c="0.000000" m_d="1.000000" m_tx="-279.487183" m_ty="-938.461548"/>
   <element name="ivorytower" layername="rightdoor" frame="2" z_index="12" m_a="1.000000" m_b="0.000000" m_c="0.000000" m_d="1.000000" m_tx="-278.205139" m_ty="-938.461548"/>
  </frame>
  <frame idx="600" w="699" h="1723" x="-69.994720" y="-598.149597">
   <element name="ivorytower" layername="plac" frame="5" z_index="17" m_a="0.999993" m_b="-0.003620" m_c="0.003620" m_d="0.999993" m_tx="-281.402924" m_ty="-937.631226"/>
   <element name="ivorytower" layername="place2" frame="6" z_index="16" m_a="1.000000" m_b="0.000000" m_c="0.000000" m_d="1.000000" m_tx="-278.048767" m_ty="-938.033264"/>
   <element name="ivorytower" layername="place3" frame="7" z_index="15" m_a="1.000000" m_b="0.000000" m_c="0.000000" m_d="1.000000" m_tx="-278.048767" m_ty="-936.585388"/>
   <element name="ivorytower" layername="place4" frame="8" z_index="14" m_a="1.000000" m_b="0.000000" m_c="0.000000" m_d="1.000000" m_tx="-279.862762" m_ty="-942.149597"/>
   <element name="ivorytower" layername="leftdoor" frame="3" z_index="13" m_a="1.000000" m_b="0.000000" m_c="0.000000" m_d="1.000000" m_tx="-279.109375" m_ty="-938.558350"/>
   <element name="ivorytower" layername="leftdoor" frame="3" z_index="17" m_a="0.621421" m_b="0.000000" m_c="0.000000" m_d="1.000000" m_tx="-186.735382" m_ty="-938.272705"/>
   <element name="ivorytower" layername="leftdoor" frame="3" z_index="13" m_a="1.000000" m_b="0.000000" m_c="0.000000" m_d="1.000000" m_tx="-279.487183" m_ty="-938.461548"/>
   <element name="ivorytower" layername="rightdoor" frame="2" z_index="12" m_a="1.000000" m_b="0.000000" m_c="0.000000" m_d="1.000000" m_tx="-278.205139" m_ty="-938.461548"/>
  </frame>
  <frame idx="625" w="701" h="1763" x="-71.934456" y="-601.149597">
   <element name="ivorytower" layername="plac" frame="5" z_index="17" m_a="0.999993" m_b="-0.003620" m_c="0.003620" m_d="0.999993" m_tx="-281.402924" m_ty="-937.631226"/>
   <element name="ivorytower" layername="place2" frame="6" z_index="16" m_a="1.000000" m_b="0.000000" m_c="0.000000" m_d="1.000000" m_tx="-278.048767" m_ty="-938.033264"/>
   <element name="ivorytower" layername="place3" frame="7" z_index="15" m_a="1.000000" m_b="0.000000" m_c="0.000000" m_d="1.000000" m_tx="-278.048767" m_ty="-936.585388"/>
   <element name="ivorytower" layername="place4" frame="8" z_index="14" m_a="1.000000" m_b="0.000000" m_c="0.000000" m_d="1.000000" m_tx="-279.862762" m_ty="-942.149597"/>
   <element name="ivorytower" layername="leftdoor" frame="3" z_index="13" m_a="1.000000" m_b="0.000000" m_c="0.000000" m_d="1.000000" m_tx="-278.951141" m_ty="-938.558350"/>
   <element name="ivorytower" layername="rightdoor" frame="2" z_index="12" m_a="0.278969" m_b="0.000000" m_c="0.000000" m_d="1.000000" m_tx="-40.649990" m_ty="-937.753723"/>
   <element name="ivorytower" layername="leftdoor" frame="3" z_index="17" m_a="0.574777" m_b="0.000000" m_c="0.000000" m_d="1.000000" m_tx="-175.521439" m_ty="-938.464050"/>
   <element name="ivorytower" layername="leftdoor" frame="3" z_index="13" m_a="1.000000" m_b="0.000000" m_c="0.000000" m_d="1.000000" m_tx="-279.487183" m_ty="-938.461548"/>
   <element name="ivorytower" layername="rightdoor" frame="2" z_index="12" m_a="1.000000" m_b="0.000000" m_c="0.000000" m_d="1.000000" m_tx="-278.205139" m_ty="-938.461548"/>
  </frame>
  <frame idx="650" w="704" h="1757" x="-74.374199" y="-600.649597">
   <element name="ivorytower" layername="plac" frame="5" z_index="17" m_a="0.999993" m_b="-0.003620" m_c="0.003620" m_d="0.999993" m_tx="-281.402924" m_ty="-937.631226"/>
   <element name="ivorytower" layername="place2" frame="6" z_index="16" m_a="1.000000" m_b="0.000000" m_c="0.000000" m_d="1.000000" m_tx="-278.048767" m_ty="-938.033264"/>
   <element name="ivorytower" layername="place3" frame="7" z_index="15" m_a="1.000000" m_b="0.000000" m_c="0.000000" m_d="1.000000" m_tx="-278.048767" m_ty="-936.585388"/>
   <element name="ivorytower" layername="place4" frame="8" z_index="14" m_a="1.000000" m_b="0.000000" m_c="0.000000" m_d="1.000000" m_tx="-279.862762" m_ty="-942.149597"/>
   <element name="ivorytower" layername="leftdoor" frame="3" z_index="13" m_a="1.000000" m_b="0.000000" m_c="0.000000" m_d="1.000000" m_tx="-278.958405" m_ty="-938.558350"/>
   <element name="ivorytower" layername="rightdoor" frame="2" z_index="12" m_a="0.428253" m_b="0.000000" m_c="0.000000" m_d="1.000000" m_tx="-86.965363" m_ty="-938.597168"/>
   <element name="ivorytower" layername="leftdoor" frame="3" z_index="17" m_a="0.528132" m_b="0.000000" m_c="0.000000" m_d="1.000000" m_tx="-164.307495" m_ty="-938.655396"/>
   <element name="ivorytower" layername="leftdoor" frame="3" z_index="13" m_a="1.000000" m_b="0.000000" m_c="0.000000" m_d="1.000000" m_tx="-279.487183" m_ty="-938.461548"/>
   <element name="ivorytower" layername="rightdoor" frame="2" z_index="12" m_a="1.000000" m_b="0.000000" m_c="0.000000" m_d="1.000000" m_tx="-278.205139" m_ty="-938.461548"/>
  </frame>
  <frame idx="675" w="706" h="1748" x="-76.313934" y="-600.149597">
   <element name="ivorytower" layername="plac" frame="5" z_index="17" m_a="0.999993" m_b="-0.003620" m_c="0.003620" m_d="0.999993" m_tx="-281.402924" m_ty="-937.631226"/>
   <element name="ivorytower" layername="place2" frame="6" z_index="16" m_a="1.000000" m_b="0.000000" m_c="0.000000" m_d="1.000000" m_tx="-278.048767" m_ty="-938.033264"/>
   <element name="ivorytower" layername="place3" frame="7" z_index="15" m_a="1.000000" m_b="0.000000" m_c="0.000000" m_d="1.000000" m_tx="-278.048767" m_ty="-936.585388"/>
   <element name="ivorytower" layername="place4" frame="8" z_index="14" m_a="1.000000" m_b="0.000000" m_c="0.000000" m_d="1.000000" m_tx="-279.862762" m_ty="-942.149597"/>
   <element name="ivorytower" layername="leftdoor" frame="3" z_index="13" m_a="1.000000" m_b="0.000000" m_c="0.000000" m_d="1.000000" m_tx="-278.973480" m_ty="-938.558350"/>
   <element name="ivorytower" layername="rightdoor" frame="2" z_index="12" m_a="0.572077" m_b="0.000000" m_c="0.000000" m_d="1.000000" m_tx="-136.038742" m_ty="-938.566895"/>
   <element name="ivorytower" layername="leftdoor" frame="3" z_index="17" m_a="0.481488" m_b="0.000000" m_c="0.000000" m_d="1.000000" m_tx="-153.093536" m_ty="-938.846741"/>
   <element name="ivorytower" layername="leftdoor" frame="3" z_index="13" m_a="1.000000" m_b="0.000000" m_c="0.000000" m_d="1.000000" m_tx="-279.487183" m_ty="-938.461548"/>
   <element name="ivorytower" layername="rightdoor" frame="2" z_index="12" m_a="1.000000" m_b="0.000000" m_c="0.000000" m_d="1.000000" m_tx="-278.205139" m_ty="-938.461548"/>
  </frame>
  <frame idx="700" w="708" h="1737" x="-78.253677" y="-599.149597">
   <element name="ivorytower" layername="plac" frame="5" z_index="17" m_a="0.999993" m_b="-0.003620" m_c="0.003620" m_d="0.999993" m_tx="-281.402924" m_ty="-937.631226"/>
   <element name="ivorytower" layername="place2" frame="6" z_index="16" m_a="1.000000" m_b="0.000000" m_c="0.000000" m_d="1.000000" m_tx="-278.048767" m_ty="-938.033264"/>
   <element name="ivorytower" layername="place3" frame="7" z_index="15" m_a="1.000000" m_b="0.000000" m_c="0.000000" m_d="1.000000" m_tx="-278.048767" m_ty="-936.585388"/>
   <element name="ivorytower" layername="place4" frame="8" z_index="14" m_a="1.000000" m_b="0.000000" m_c="0.000000" m_d="1.000000" m_tx="-279.862762" m_ty="-942.149597"/>
   <element name="ivorytower" layername="leftdoor" frame="3" z_index="13" m_a="1.000000" m_b="0.000000" m_c="0.000000" m_d="1.000000" m_tx="-278.989685" m_ty="-938.558350"/>
   <element name="ivorytower" layername="rightdoor" frame="2" z_index="12" m_a="0.737761" m_b="0.000000" m_c="0.000000" m_d="1.000000" m_tx="-191.831970" m_ty="-938.356384"/>
   <element name="ivorytower" layername="leftdoor" frame="3" z_index="17" m_a="0.434844" m_b="0.000000" m_c="0.000000" m_d="1.000000" m_tx="-141.879593" m_ty="-939.038086"/>
   <element name="ivorytower" layername="leftdoor" frame="3" z_index="13" m_a="1.000000" m_b="0.000000" m_c="0.000000" m_d="1.000000" m_tx="-279.487183" m_ty="-938.461548"/>
   <element name="ivorytower" layername="rightdoor" frame="2" z_index="12" m_a="1.000000" m_b="0.000000" m_c="0.000000" m_d="1.000000" m_tx="-278.205139" m_ty="-938.461548"/>
  </frame>
  <frame idx="725" w="711" h="1724" x="-80.693420" y="-598.149597">
   <element name="ivorytower" layername="plac" frame="5" z_index="17" m_a="0.999993" m_b="-0.003620" m_c="0.003620" m_d="0.999993" m_tx="-281.402924" m_ty="-937.631226"/>
   <element name="ivorytower" layername="place2" frame="6" z_index="16" m_a="1.000000" m_b="0.000000" m_c="0.000000" m_d="1.000000" m_tx="-278.048767" m_ty="-938.033264"/>
   <element name="ivorytower" layername="place3" frame="7" z_index="15" m_a="1.000000" m_b="0.000000" m_c="0.000000" m_d="1.000000" m_tx="-278.048767" m_ty="-936.585388"/>
   <element name="ivorytower" layername="place4" frame="8" z_index="14" m_a="1.000000" m_b="0.000000" m_c="0.000000" m_d="1.000000" m_tx="-279.862762" m_ty="-942.149597"/>
   <element name="ivorytower" layername="leftdoor" frame="3" z_index="13" m_a="1.000000" m_b="0.000000" m_c="0.000000" m_d="1.000000" m_tx="-279.010315" m_ty="-938.558350"/>
   <element name="ivorytower" layername="rightdoor" frame="2" z_index="12" m_a="0.990882" m_b="0.000000" m_c="0.000000" m_d="1.000000" m_tx="-274.504547" m_ty="-937.424744"/>
   <element name="ivorytower" layername="leftdoor" frame="3" z_index="17" m_a="0.388199" m_b="0.000000" m_c="0.000000" m_d="1.000000" m_tx="-130.665649" m_ty="-939.229431"/>
   <element name="ivorytower" layername="leftdoor" frame="3" z_index="13" m_a="1.000000" m_b="0.000000" m_c="0.000000" m_d="1.000000" m_tx="-279.487183" m_ty="-938.461548"/>
   <element name="ivorytower" layername="rightdoor" frame="2" z_index="12" m_a="1.000000" m_b="0.000000" m_c="0.000000" m_d="1.000000" m_tx="-278.205139" m_ty="-938.461548"/>
  </frame>
 </anim>
 <anim name="windowlight_idle" root="ivorytower" numframes="25" framerate="40">
  <frame idx="0" w="677" h="1713" x="-54.892151" y="-592.254883">
   <element name="ivorytower" layername="light" frame="9" z_index="17" m_a="1.000000" m_b="0.000000" m_c="0.000000" m_d="1.000000" m_tx="-280.392151" m_ty="-937.254883"/>
  </frame>
 </anim>
</Anims>
