<Anims>
 <anim name="close" root="ui_krampusbag_2x8_ice" numframes="200" framerate="40">
  <frame idx="0" w="317" h="569" x="-152.548615" y="-59.954910">
   <element name="frame" layername="frame" frame="0" z_index="2" m_a="1.000000" m_b="0.000000" m_c="0.000000" m_d="0.934753" m_tx="-126.999001" m_ty="0.000000"/>
  </frame>
  <frame idx="25" w="317" h="549" x="-152.548615" y="-58.108833">
   <element name="frame" layername="frame" frame="0" z_index="2" m_a="1.000000" m_b="0.000000" m_c="0.000000" m_d="0.908780" m_tx="-126.999001" m_ty="0.000000"/>
  </frame>
  <frame idx="50" w="317" h="502" x="-152.548615" y="-53.299442">
   <element name="frame" layername="frame" frame="0" z_index="2" m_a="1.000000" m_b="0.000000" m_c="0.000000" m_d="0.848034" m_tx="-126.999001" m_ty="0.000000"/>
  </frame>
  <frame idx="75" w="317" h="428" x="-152.548615" y="-46.001286">
   <element name="frame" layername="frame" frame="0" z_index="2" m_a="1.000000" m_b="0.000000" m_c="0.000000" m_d="0.750606" m_tx="-126.999001" m_ty="0.000000"/>
  </frame>
  <frame idx="100" w="317" h="324" x="-152.548615" y="-35.218296">
   <element name="frame" layername="frame" frame="0" z_index="2" m_a="1.000000" m_b="0.000000" m_c="0.000000" m_d="0.616791" m_tx="-126.999001" m_ty="0.000000"/>
  </frame>
  <frame idx="125" w="317" h="184" x="-152.548615" y="-21.295284">
   <element name="frame" layername="frame" frame="0" z_index="2" m_a="1.000000" m_b="0.000000" m_c="0.000000" m_d="0.434942" m_tx="-126.999001" m_ty="0.000000"/>
  </frame>
  <frame idx="150" w="317" h="16" x="-152.548615" y="-4.368885">
   <element name="frame" layername="frame" frame="0" z_index="2" m_a="1.000000" m_b="0.000000" m_c="0.000000" m_d="0.215313" m_tx="-126.999001" m_ty="0.000000"/>
  </frame>
  <frame idx="175" w="317" h="113" x="-152.548615" y="-103.197815">
   <element name="frame" layername="frame" frame="0" z_index="2" m_a="1.000000" m_b="0.000000" m_c="0.000000" m_d="0.051514" m_tx="-126.999001" m_ty="0.000000"/>
  </frame>
 </anim>
 <anim name="open" root="ui_krampusbag_2x8_ice" numframes="225" framerate="40">
  <frame idx="0" w="317" h="94" x="-152.548615" y="-86.365822">
   <element name="frame" layername="frame" frame="0" z_index="2" m_a="1.000000" m_b="0.000000" m_c="0.000000" m_d="0.075928" m_tx="-126.999001" m_ty="0.000000"/>
  </frame>
  <frame idx="25" w="320" h="34" x="-153.041870" y="-32.446198">
   <element name="frame" layername="frame" frame="0" z_index="2" m_a="1.007088" m_b="0.000000" m_c="0.000000" m_d="0.153815" m_tx="-126.999001" m_ty="0.000000"/>
  </frame>
  <frame idx="50" w="326" h="109" x="-153.526108" y="-13.975918">
   <element name="frame" layername="frame" frame="0" z_index="2" m_a="1.023676" m_b="0.000000" m_c="0.000000" m_d="0.335922" m_tx="-126.999001" m_ty="0.000000"/>
  </frame>
  <frame idx="75" w="334" h="333" x="-154.000824" y="-36.367645">
   <element name="frame" layername="frame" frame="0" z_index="2" m_a="1.050287" m_b="0.000000" m_c="0.000000" m_d="0.628000" m_tx="-126.999001" m_ty="0.000000"/>
  </frame>
  <frame idx="100" w="345" h="642" x="-154.966064" y="-67.213211">
   <element name="frame" layername="frame" frame="0" z_index="2" m_a="1.086840" m_b="0.000000" m_c="0.000000" m_d="1.029190" m_tx="-126.999001" m_ty="0.000000"/>
  </frame>
  <frame idx="125" w="334" h="633" x="-153.999786" y="-66.552933">
   <element name="frame" layername="frame" frame="0" z_index="2" m_a="1.051362" m_b="0.000000" m_c="0.000000" m_d="1.017161" m_tx="-126.999001" m_ty="0.000000"/>
  </frame>
  <frame idx="150" w="326" h="626" x="-153.525269" y="-65.931793">
   <element name="frame" layername="frame" frame="0" z_index="2" m_a="1.024563" m_b="0.000000" m_c="0.000000" m_d="1.008069" m_tx="-126.999001" m_ty="0.000000"/>
  </frame>
  <frame idx="175" w="320" h="621" x="-153.041656" y="-65.353874">
   <element name="frame" layername="frame" frame="0" z_index="2" m_a="1.007318" m_b="0.000000" m_c="0.000000" m_d="1.002221" m_tx="-126.999001" m_ty="0.000000"/>
  </frame>
  <frame idx="200" w="317" h="620" x="-152.548615" y="-65.321030">
   <element name="frame" layername="frame" frame="0" z_index="2" m_a="1.000000" m_b="0.000000" m_c="0.000000" m_d="0.999756" m_tx="-126.999001" m_ty="0.000000"/>
  </frame>
 </anim>
</Anims>
