<Anims>
 <anim name="close" root="ui_chest_3x2_ice" numframes="125" framerate="40">
  <frame idx="0" w="423" h="312" x="-35.474655" y="-27.331497">
   <element name="frame" layername="frame" frame="0" z_index="2" m_a="1.000000" m_b="0.000000" m_c="0.000000" m_d="0.934753" m_tx="0.000000" m_ty="0.000000"/>
  </frame>
  <frame idx="25" w="423" h="288" x="-35.474655" y="-25.228704">
   <element name="frame" layername="frame" frame="0" z_index="2" m_a="1.000000" m_b="0.000000" m_c="0.000000" m_d="0.862588" m_tx="0.000000" m_ty="0.000000"/>
  </frame>
  <frame idx="50" w="423" h="232" x="-35.474655" y="-20.488361">
   <element name="frame" layername="frame" frame="0" z_index="2" m_a="1.000000" m_b="0.000000" m_c="0.000000" m_d="0.693861" m_tx="0.000000" m_ty="0.000000"/>
  </frame>
  <frame idx="75" w="423" h="142" x="-35.474655" y="-12.602878">
   <element name="frame" layername="frame" frame="0" z_index="2" m_a="1.000000" m_b="0.000000" m_c="0.000000" m_d="0.423239" m_tx="0.000000" m_ty="0.000000"/>
  </frame>
  <frame idx="100" w="423" h="18" x="-35.474655" y="-1.573379">
   <element name="frame" layername="frame" frame="0" z_index="2" m_a="1.000000" m_b="0.000000" m_c="0.000000" m_d="0.051514" m_tx="0.000000" m_ty="0.000000"/>
  </frame>
 </anim>
 <anim name="open" root="ui_chest_3x2_ice" numframes="200" framerate="40">
  <frame idx="0" w="423" h="27" x="-35.474655" y="-2.608155">
   <element name="frame" layername="frame" frame="0" z_index="2" m_a="1.000000" m_b="0.000000" m_c="0.000000" m_d="0.075928" m_tx="0.000000" m_ty="0.000000"/>
  </frame>
  <frame idx="25" w="430" h="84" x="-35.974251" y="-7.357758">
   <element name="frame" layername="frame" frame="0" z_index="2" m_a="1.015963" m_b="0.000000" m_c="0.000000" m_d="0.251157" m_tx="0.000000" m_ty="0.000000"/>
  </frame>
  <frame idx="50" w="446" h="221" x="-37.473305" y="-19.441387">
   <element name="frame" layername="frame" frame="0" z_index="2" m_a="1.053288" m_b="0.000000" m_c="0.000000" m_d="0.660882" m_tx="0.000000" m_ty="0.000000"/>
  </frame>
  <frame idx="75" w="455" h="342" x="-37.972752" y="-29.960369">
   <element name="frame" layername="frame" frame="0" z_index="2" m_a="1.075143" m_b="0.000000" m_c="0.000000" m_d="1.025224" m_tx="0.000000" m_ty="0.000000"/>
  </frame>
  <frame idx="100" w="440" h="339" x="-36.973679" y="-29.942715">
   <element name="frame" layername="frame" frame="0" z_index="2" m_a="1.038590" m_b="0.000000" m_c="0.000000" m_d="1.012830" m_tx="0.000000" m_ty="0.000000"/>
  </frame>
  <frame idx="125" w="431" h="336" x="-35.974216" y="-29.432428">
   <element name="frame" layername="frame" frame="0" z_index="2" m_a="1.017318" m_b="0.000000" m_c="0.000000" m_d="1.005609" m_tx="0.000000" m_ty="0.000000"/>
  </frame>
  <frame idx="150" w="425" h="334" x="-35.474529" y="-29.426479">
   <element name="frame" layername="frame" frame="0" z_index="2" m_a="1.004976" m_b="0.000000" m_c="0.000000" m_d="1.001432" m_tx="0.000000" m_ty="0.000000"/>
  </frame>
  <frame idx="175" w="423" h="334" x="-35.474655" y="-29.424091">
   <element name="frame" layername="frame" frame="0" z_index="2" m_a="1.000000" m_b="0.000000" m_c="0.000000" m_d="0.999756" m_tx="0.000000" m_ty="0.000000"/>
  </frame>
 </anim>
</Anims>
